Stationsnamn;Stationsnummer;Stationsnät;Mäthöjd (meter över marken)
Uppsala Aut;97510;SMHIs stationsnät;10.0

Parameternamn;Beskrivning;Enhet
Vindriktning;medelvärde 10 min, 1 gång/tim;grader
Vindhastighet;medelvärde 10 min, 1 gång/tim;meter per sekund

Tidsperiod (fr.o.m);Tidsperiod (t.o.m);Höjd (meter över havet);Latitud (decimalgrader);Longitud (decimalgrader)
1985-06-01 00:00:00;1997-12-31 23:59:59;13.0;59.8585;17.6219
1998-01-01 00:00:00;2024-11-04 05:20:12;23.535;59.8471;17.6320

Datum;Tid (UTC);Vindriktning;Kvalitet;Vindhastighet;Kvalitet;;Tidsutsnitt:
2024-06-27;01:00:00;348;G;0.6;G;;Data från senaste fyra månaderna
2024-06-27;02:00:00;43;G;0.2;G;;Tidsperiod (fr.o.m.) = 2024-06-27 00:00:01 (UTC)
2024-06-27;03:00:00;185;G;0.1;G;;Tidsperiod (t.o.m.) = 2024-11-04 05:00:00 (UTC)
2024-06-27;04:00:00;126;G;0.8;G;;Samplingstid = 10 minuter
2024-06-27;05:00:00;130;G;0.7;G;;Kvalitetskoderna:
2024-06-27;06:00:00;130;G;0.1;G;;Grön (G) = Kontrollerade och godkända värden.
2024-06-27;07:00:00;84;G;0.5;G;;Gul (Y) = Misstänkta eller aggregerade värden. Grovt kontrollerade arkivdata och okontrollerade realtidsdata (senaste 2 tim).
2024-06-27;08:00:00;120;G;1.1;G;;Nätinformation:
2024-06-27;09:00:00;143;G;0.7;G;;SMHIs Stationsnät: Data samlas in och lagras i SMHIs databaser. Data kvalitetskontrolleras vilket innebär att felaktiga data korrigeras och att databortfall kompletteras utifrån expertbedömning där det är möjligt. De flesta stationerna övervakas, inspekteras och underhålls löpande av SMHI.
2024-06-27;10:00:00;119;G;1.3;G;;Övriga stationer: Data samlas in och lagras i SMHIs databaser. Datakvaliteten är för SMHI okänd då SMHI varken utför kvalitetskontroll på data eller inspektioner på stationerna.
2024-06-27;11:00:00;188;G;0.9;G;;Möjliga orsaker till saknade data:
2024-06-27;12:00:00;160;G;0.8;G;;– stationen eller givaren har varit ur funktion.
2024-06-27;13:00:00;184;G;2.5;G;;– stationen har endast levererat värden med kvalitetskod Röd (R). Dessa levereras ej.
2024-06-27;14:00:00;196;G;2.7;G
2024-06-27;15:00:00;174;G;3.4;G
2024-06-27;16:00:00;178;G;2.7;G
2024-06-27;17:00:00;202;G;2.6;G
2024-06-27;18:00:00;169;G;2.9;G
2024-06-27;19:00:00;156;G;3.2;G
2024-06-27;20:00:00;158;G;2.7;G
2024-06-27;21:00:00;128;G;0.6;G
2024-06-27;22:00:00;130;G;1.1;G
2024-06-27;23:00:00;126;G;1.4;G
2024-06-28;00:00:00;146;G;2.4;G
2024-06-28;01:00:00;155;G;1.8;G
2024-06-28;02:00:00;127;G;1.0;G
2024-06-28;03:00:00;90;G;1.4;G
2024-06-28;04:00:00;96;G;1.2;G
2024-06-28;05:00:00;77;G;1.3;G
2024-06-28;06:00:00;86;G;2.1;G
2024-06-28;07:00:00;100;G;1.8;G
2024-06-28;08:00:00;141;G;2.5;G
2024-06-28;09:00:00;122;G;3.7;G
2024-06-28;10:00:00;139;G;4.5;G
2024-06-28;11:00:00;155;G;4.8;G
2024-06-28;12:00:00;155;G;5.9;G
2024-06-28;13:00:00;181;G;5.0;G
2024-06-28;14:00:00;186;G;4.2;G
2024-06-28;15:00:00;237;G;2.2;G
2024-06-28;16:00:00;234;G;1.5;G
2024-06-28;17:00:00;216;G;0.1;G
2024-06-28;18:00:00;65;G;0.9;G
2024-06-28;19:00:00;213;G;0.4;G
2024-06-28;20:00:00;176;G;1.1;G
2024-06-28;21:00:00;219;G;2.6;G
2024-06-28;22:00:00;210;G;3.6;G
2024-06-28;23:00:00;225;G;2.5;G
2024-06-29;00:00:00;222;G;2.9;G
2024-06-29;01:00:00;217;G;3.4;G
2024-06-29;02:00:00;215;G;2.9;G
2024-06-29;03:00:00;210;G;2.2;G
2024-06-29;04:00:00;196;G;2.2;G
2024-06-29;05:00:00;200;G;3.0;G
2024-06-29;06:00:00;214;G;4.1;G
2024-06-29;07:00:00;220;G;4.7;G
2024-06-29;08:00:00;216;G;5.7;G
2024-06-29;09:00:00;215;G;4.6;G
2024-06-29;10:00:00;219;G;6.2;G
2024-06-29;11:00:00;212;G;5.6;G
2024-06-29;12:00:00;213;G;5.4;G
2024-06-29;13:00:00;219;G;5.6;G
2024-06-29;14:00:00;221;G;4.5;G
2024-06-29;15:00:00;221;G;4.0;G
2024-06-29;16:00:00;215;G;5.2;G
2024-06-29;17:00:00;215;G;5.2;G
2024-06-29;18:00:00;214;G;3.8;G
2024-06-29;19:00:00;216;G;3.6;G
2024-06-29;20:00:00;215;G;2.9;G
2024-06-29;21:00:00;221;G;2.0;G
2024-06-29;22:00:00;219;G;2.0;G
2024-06-29;23:00:00;232;G;0.1;G
2024-06-30;00:00:00;199;G;1.2;G
2024-06-30;01:00:00;207;G;2.0;G
2024-06-30;02:00:00;207;G;1.1;G
2024-06-30;03:00:00;178;G;1.5;G
2024-06-30;04:00:00;176;G;1.7;G
2024-06-30;05:00:00;172;G;2.3;G
2024-06-30;06:00:00;180;G;2.6;G
2024-06-30;07:00:00;188;G;3.2;G
2024-06-30;08:00:00;185;G;1.9;G
2024-06-30;09:00:00;195;G;2.5;G
2024-06-30;10:00:00;174;G;3.4;G
2024-06-30;11:00:00;184;G;3.2;G
2024-06-30;12:00:00;162;G;1.9;G
2024-06-30;13:00:00;232;G;0.3;G
2024-06-30;14:00:00;101;G;1.2;G
2024-06-30;15:00:00;45;G;0.8;G
2024-06-30;16:00:00;57;G;1.7;G
2024-06-30;17:00:00;66;G;2.6;G
2024-06-30;18:00:00;73;G;0.8;G
2024-06-30;19:00:00;35;G;1.4;G
2024-06-30;20:00:00;347;G;1.5;G
2024-06-30;21:00:00;340;G;1.9;G
2024-06-30;22:00:00;331;G;2.7;G
2024-06-30;23:00:00;329;G;2.6;G
2024-07-01;00:00:00;324;G;3.2;G
2024-07-01;01:00:00;319;G;3.2;G
2024-07-01;02:00:00;313;G;2.5;G
2024-07-01;03:00:00;306;G;2.0;G
2024-07-01;04:00:00;284;G;0.8;G
2024-07-01;05:00:00;292;G;1.1;G
2024-07-01;06:00:00;279;G;1.4;G
2024-07-01;07:00:00;269;G;2.1;G
2024-07-01;08:00:00;244;G;2.2;G
2024-07-01;09:00:00;222;G;2.3;G
2024-07-01;10:00:00;257;G;2.4;G
2024-07-01;11:00:00;225;G;1.8;G
2024-07-01;12:00:00;230;G;3.4;G
2024-07-01;13:00:00;217;G;2.7;G
2024-07-01;14:00:00;220;G;4.1;G
2024-07-01;15:00:00;207;G;4.1;G
2024-07-01;16:00:00;224;G;3.5;G
2024-07-01;17:00:00;228;G;2.9;G
2024-07-01;18:00:00;226;G;2.9;G
2024-07-01;19:00:00;208;G;1.3;G
2024-07-01;20:00:00;209;G;1.8;G
2024-07-01;21:00:00;212;G;1.9;G
2024-07-01;22:00:00;226;G;2.3;G
2024-07-01;23:00:00;217;G;2.3;G
2024-07-02;00:00:00;204;G;2.5;G
2024-07-02;01:00:00;203;G;2.1;G
2024-07-02;02:00:00;208;G;1.7;G
2024-07-02;03:00:00;210;G;2.2;G
2024-07-02;04:00:00;215;G;3.2;G
2024-07-02;05:00:00;216;G;2.3;G
2024-07-02;06:00:00;205;G;2.7;G
2024-07-02;07:00:00;219;G;2.9;G
2024-07-02;08:00:00;203;G;2.5;G
2024-07-02;09:00:00;205;G;3.0;G
2024-07-02;10:00:00;206;G;3.3;G
2024-07-02;11:00:00;202;G;2.5;G
2024-07-02;12:00:00;180;G;1.7;G
2024-07-02;13:00:00;256;G;1.9;G
2024-07-02;14:00:00;302;G;0.9;G
2024-07-02;15:00:00;299;G;1.2;G
2024-07-02;16:00:00;331;G;0.3;G
2024-07-02;17:00:00;284;G;0.1;G
2024-07-02;18:00:00;197;G;0.8;G
2024-07-02;19:00:00;210;G;0.4;G
2024-07-02;20:00:00;203;G;0.9;G
2024-07-02;21:00:00;166;G;0.5;G
2024-07-02;22:00:00;159;G;0.2;G
2024-07-02;23:00:00;166;G;0.3;G
2024-07-03;01:00:00;209;G;0.6;G
2024-07-03;02:00:00;200;G;0.3;G
2024-07-03;03:00:00;191;G;0.5;G
2024-07-03;04:00:00;192;G;0.1;G
2024-07-03;05:00:00;310;G;0.3;G
2024-07-03;06:00:00;348;G;0.8;G
2024-07-03;07:00:00;336;G;1.0;G
2024-07-03;08:00:00;22;G;1.0;G
2024-07-03;09:00:00;345;G;1.1;G
2024-07-03;10:00:00;333;G;1.3;G
2024-07-03;11:00:00;14;G;0.9;G
2024-07-03;12:00:00;36;G;0.8;G
2024-07-03;13:00:00;43;G;1.0;G
2024-07-03;14:00:00;24;G;1.1;G
2024-07-03;15:00:00;63;G;2.1;G
2024-07-03;16:00:00;70;G;1.7;G
2024-07-03;17:00:00;96;G;1.2;G
2024-07-03;18:00:00;114;G;0.9;G
2024-07-03;19:00:00;80;G;0.4;G
2024-07-03;20:00:00;90;G;0.4;G
2024-07-03;21:00:00;172;G;1.0;G
2024-07-03;22:00:00;169;G;1.8;G
2024-07-03;23:00:00;193;G;1.1;G
2024-07-04;00:00:00;199;G;1.3;G
2024-07-04;01:00:00;220;G;1.5;G
2024-07-04;02:00:00;201;G;0.7;G
2024-07-04;03:00:00;195;G;1.0;G
2024-07-04;04:00:00;190;G;1.3;G
2024-07-04;05:00:00;192;G;1.7;G
2024-07-04;06:00:00;197;G;2.2;G
2024-07-04;07:00:00;205;G;2.2;G
2024-07-04;08:00:00;178;G;2.4;G
2024-07-04;09:00:00;174;G;2.2;G
2024-07-04;10:00:00;174;G;3.1;G
2024-07-04;11:00:00;175;G;3.7;G
2024-07-04;12:00:00;170;G;3.4;G
2024-07-04;13:00:00;174;G;4.9;G
2024-07-04;14:00:00;155;G;5.4;G
2024-07-04;15:00:00;148;G;5.1;G
2024-07-04;16:00:00;148;G;3.9;G
2024-07-04;17:00:00;152;G;4.9;G
2024-07-04;18:00:00;153;G;4.1;G
2024-07-04;19:00:00;138;G;3.5;G
2024-07-04;20:00:00;134;G;2.7;G
2024-07-04;21:00:00;125;G;2.3;G
2024-07-04;22:00:00;164;G;3.9;G
2024-07-04;23:00:00;196;G;1.1;G
2024-07-05;00:00:00;196;G;1.4;G
2024-07-05;01:00:00;196;G;1.2;G
2024-07-05;02:00:00;197;G;1.9;G
2024-07-05;03:00:00;188;G;1.6;G
2024-07-05;04:00:00;186;G;1.8;G
2024-07-05;05:00:00;193;G;2.3;G
2024-07-05;06:00:00;210;G;2.6;G
2024-07-05;07:00:00;209;G;3.7;G
2024-07-05;08:00:00;189;G;3.0;G
2024-07-05;09:00:00;208;G;3.0;G
2024-07-05;10:00:00;206;G;3.7;G
2024-07-05;11:00:00;186;G;3.7;G
2024-07-05;12:00:00;177;G;3.6;G
2024-07-05;13:00:00;234;G;3.0;G
2024-07-05;14:00:00;158;G;2.2;G
2024-07-05;15:00:00;173;G;2.8;G
2024-07-05;16:00:00;170;G;3.9;G
2024-07-05;17:00:00;158;G;3.7;G
2024-07-05;18:00:00;181;G;1.8;G
2024-07-05;19:00:00;174;G;1.9;G
2024-07-05;20:00:00;186;G;2.2;G
2024-07-05;21:00:00;191;G;1.7;G
2024-07-05;22:00:00;176;G;2.2;G
2024-07-05;23:00:00;181;G;1.8;G
2024-07-06;00:00:00;183;G;1.8;G
2024-07-06;01:00:00;187;G;2.0;G
2024-07-06;02:00:00;188;G;2.0;G
2024-07-06;03:00:00;187;G;2.1;G
2024-07-06;04:00:00;191;G;2.7;G
2024-07-06;05:00:00;197;G;2.6;G
2024-07-06;06:00:00;195;G;2.7;G
2024-07-06;07:00:00;202;G;3.3;G
2024-07-06;08:00:00;197;G;3.5;G
2024-07-06;09:00:00;204;G;4.1;G
2024-07-06;10:00:00;211;G;3.5;G
2024-07-06;11:00:00;211;G;4.3;G
2024-07-06;12:00:00;205;G;3.7;G
2024-07-06;13:00:00;203;G;3.2;G
2024-07-06;14:00:00;203;G;3.7;G
2024-07-06;15:00:00;184;G;4.0;G
2024-07-06;16:00:00;168;G;3.7;G
2024-07-06;17:00:00;151;G;3.9;G
2024-07-06;18:00:00;142;G;2.6;G
2024-07-06;19:00:00;138;G;2.6;G
2024-07-06;20:00:00;130;G;2.3;G
2024-07-06;21:00:00;151;G;4.2;G
2024-07-06;22:00:00;156;G;3.6;G
2024-07-06;23:00:00;130;G;2.3;G
2024-07-07;00:00:00;123;G;1.8;G
2024-07-07;01:00:00;128;G;2.5;G
2024-07-07;02:00:00;154;G;2.2;G
2024-07-07;03:00:00;146;G;1.8;G
2024-07-07;04:00:00;158;G;3.8;G
2024-07-07;05:00:00;198;G;3.2;G
2024-07-07;06:00:00;203;G;3.4;G
2024-07-07;07:00:00;196;G;3.8;G
2024-07-07;08:00:00;199;G;4.7;G
2024-07-07;09:00:00;191;G;4.5;G
2024-07-07;10:00:00;192;G;4.7;G
2024-07-07;11:00:00;196;G;5.7;G
2024-07-07;12:00:00;204;G;6.0;G
2024-07-07;13:00:00;208;G;5.1;G
2024-07-07;14:00:00;206;G;5.7;G
2024-07-07;15:00:00;209;G;6.2;G
2024-07-07;16:00:00;211;G;5.1;G
2024-07-07;17:00:00;213;G;5.6;G
2024-07-07;18:00:00;213;G;6.2;G
2024-07-07;19:00:00;209;G;4.2;G
2024-07-07;20:00:00;215;G;6.5;G
2024-07-07;21:00:00;206;G;3.2;G
2024-07-07;22:00:00;208;G;4.0;G
2024-07-07;23:00:00;204;G;2.8;G
2024-07-08;00:00:00;206;G;2.5;G
2024-07-08;01:00:00;214;G;3.7;G
2024-07-08;02:00:00;209;G;1.8;G
2024-07-08;03:00:00;208;G;1.6;G
2024-07-08;04:00:00;214;G;2.4;G
2024-07-08;05:00:00;217;G;2.2;G
2024-07-08;06:00:00;220;G;2.8;G
2024-07-08;07:00:00;214;G;3.3;G
2024-07-08;08:00:00;214;G;2.2;G
2024-07-08;09:00:00;233;G;3.1;G
2024-07-08;10:00:00;203;G;3.9;G
2024-07-08;11:00:00;221;G;3.7;G
2024-07-08;12:00:00;197;G;3.6;G
2024-07-08;13:00:00;171;G;3.4;G
2024-07-08;14:00:00;189;G;3.8;G
2024-07-08;15:00:00;166;G;3.3;G
2024-07-08;16:00:00;192;G;2.9;G
2024-07-08;17:00:00;180;G;2.4;G
2024-07-08;18:00:00;196;G;2.3;G
2024-07-08;19:00:00;168;G;2.4;G
2024-07-08;20:00:00;186;G;1.4;G
2024-07-08;21:00:00;196;G;1.0;G
2024-07-08;22:00:00;179;G;1.9;G
2024-07-08;23:00:00;187;G;1.6;G
2024-07-09;00:00:00;187;G;1.2;G
2024-07-09;01:00:00;192;G;1.4;G
2024-07-09;02:00:00;190;G;1.2;G
2024-07-09;03:00:00;182;G;1.2;G
2024-07-09;04:00:00;210;G;2.3;G
2024-07-09;05:00:00;217;G;1.9;G
2024-07-09;06:00:00;212;G;2.1;G
2024-07-09;07:00:00;244;G;2.7;G
2024-07-09;08:00:00;207;G;2.9;G
2024-07-09;09:00:00;209;G;2.3;G
2024-07-09;10:00:00;215;G;2.5;G
2024-07-09;11:00:00;228;G;2.8;G
2024-07-09;12:00:00;208;G;3.6;G
2024-07-09;13:00:00;210;G;2.5;G
2024-07-09;14:00:00;213;G;3.7;G
2024-07-09;15:00:00;228;G;3.2;G
2024-07-09;16:00:00;212;G;2.8;G
2024-07-09;17:00:00;217;G;2.8;G
2024-07-09;18:00:00;215;G;2.5;G
2024-07-09;19:00:00;214;G;1.3;G
2024-07-09;20:00:00;191;G;0.9;G
2024-07-09;21:00:00;177;G;1.9;G
2024-07-09;22:00:00;181;G;1.4;G
2024-07-09;23:00:00;185;G;1.4;G
2024-07-10;00:00:00;151;G;0.7;G
2024-07-10;01:00:00;157;G;0.4;G
2024-07-10;02:00:00;156;G;0.7;G
2024-07-10;03:00:00;0;G;0.0;G
2024-07-10;04:00:00;156;G;0.1;G
2024-07-10;05:00:00;102;G;0.5;G
2024-07-10;06:00:00;90;G;1.2;G
2024-07-10;07:00:00;91;G;1.8;G
2024-07-10;08:00:00;97;G;2.0;G
2024-07-10;09:00:00;144;G;3.0;G
2024-07-10;10:00:00;135;G;3.2;G
2024-07-10;11:00:00;135;G;3.9;G
2024-07-10;12:00:00;133;G;3.9;G
2024-07-10;13:00:00;103;G;3.2;G
2024-07-10;14:00:00;95;G;4.0;G
2024-07-10;15:00:00;91;G;3.3;G
2024-07-10;16:00:00;98;G;3.5;G
2024-07-10;17:00:00;88;G;3.7;G
2024-07-10;18:00:00;107;G;2.2;G
2024-07-10;19:00:00;119;G;1.0;G
2024-07-10;20:00:00;87;G;1.6;G
2024-07-10;21:00:00;84;G;2.2;G
2024-07-10;22:00:00;67;G;3.0;G
2024-07-10;23:00:00;108;G;1.2;G
2024-07-11;00:00:00;84;G;2.0;G
2024-07-11;01:00:00;96;G;1.7;G
2024-07-11;03:00:00;88;G;1.6;G
2024-07-11;04:00:00;201;G;0.7;G
2024-07-11;05:00:00;199;G;0.3;G
2024-07-11;06:00:00;211;G;0.4;G
2024-07-11;07:00:00;256;G;2.1;G
2024-07-11;08:00:00;256;G;2.1;G
2024-07-11;09:00:00;235;G;1.9;G
2024-07-11;10:00:00;225;G;1.8;G
2024-07-11;11:00:00;275;G;1.4;G
2024-07-11;12:00:00;233;G;1.3;G
2024-07-11;13:00:00;233;G;2.1;G
2024-07-11;14:00:00;240;G;2.2;G
2024-07-11;15:00:00;266;G;2.0;G
2024-07-11;16:00:00;251;G;2.1;G
2024-07-11;17:00:00;240;G;1.1;G
2024-07-11;18:00:00;213;G;1.1;G
2024-07-11;19:00:00;188;G;0.9;G
2024-07-11;20:00:00;163;G;1.4;G
2024-07-11;21:00:00;181;G;1.7;G
2024-07-11;22:00:00;199;G;1.4;G
2024-07-11;23:00:00;221;G;2.1;G
2024-07-12;00:00:00;221;G;1.8;G
2024-07-12;01:00:00;214;G;1.9;G
2024-07-12;02:00:00;221;G;2.1;G
2024-07-12;03:00:00;216;G;1.5;G
2024-07-12;04:00:00;228;G;1.7;G
2024-07-12;05:00:00;246;G;0.9;G
2024-07-12;06:00:00;267;G;0.4;G
2024-07-12;07:00:00;225;G;1.2;G
2024-07-12;08:00:00;222;G;1.8;G
2024-07-12;09:00:00;253;G;0.8;G
2024-07-12;10:00:00;201;G;1.0;G
2024-07-12;11:00:00;301;G;2.6;G
2024-07-12;12:00:00;194;G;0.5;G
2024-07-12;13:00:00;188;G;1.4;G
2024-07-12;14:00:00;49;G;2.1;G
2024-07-12;15:00:00;63;G;2.0;G
2024-07-12;16:00:00;75;G;1.9;G
2024-07-12;17:00:00;55;G;1.0;G
2024-07-12;18:00:00;53;G;1.2;G
2024-07-12;19:00:00;56;G;1.4;G
2024-07-12;20:00:00;54;G;1.5;G
2024-07-12;21:00:00;65;G;1.7;G
2024-07-12;22:00:00;71;G;1.5;G
2024-07-12;23:00:00;58;G;1.2;G
2024-07-13;00:00:00;79;G;1.2;G
2024-07-13;01:00:00;80;G;0.3;G
2024-07-13;02:00:00;66;G;0.6;G
2024-07-13;03:00:00;48;G;0.8;G
2024-07-13;04:00:00;53;G;0.8;G
2024-07-13;05:00:00;44;G;1.0;G
2024-07-13;06:00:00;51;G;1.2;G
2024-07-13;07:00:00;56;G;1.8;G
2024-07-13;08:00:00;15;G;1.7;G
2024-07-13;09:00:00;12;G;1.8;G
2024-07-13;10:00:00;49;G;2.4;G
2024-07-13;11:00:00;37;G;2.0;G
2024-07-13;12:00:00;21;G;1.9;G
2024-07-13;13:00:00;26;G;1.8;G
2024-07-13;14:00:00;42;G;2.1;G
2024-07-13;15:00:00;27;G;2.0;G
2024-07-13;16:00:00;33;G;2.0;G
2024-07-13;17:00:00;26;G;1.3;G
2024-07-13;18:00:00;23;G;2.0;G
2024-07-13;19:00:00;21;G;1.9;G
2024-07-13;20:00:00;0;G;1.6;G
2024-07-13;21:00:00;333;G;2.1;G
2024-07-13;22:00:00;348;G;1.9;G
2024-07-13;23:00:00;359;G;2.0;G
2024-07-14;00:00:00;6;G;2.4;G
2024-07-14;01:00:00;12;G;1.8;G
2024-07-14;02:00:00;4;G;1.6;G
2024-07-14;03:00:00;28;G;2.0;G
2024-07-14;04:00:00;34;G;1.9;G
2024-07-14;05:00:00;57;G;2.2;G
2024-07-14;06:00:00;67;G;3.3;G
2024-07-14;07:00:00;59;G;1.6;G
2024-07-14;08:00:00;89;G;1.5;G
2024-07-14;09:00:00;164;G;2.0;G
2024-07-14;10:00:00;166;G;2.8;G
2024-07-14;11:00:00;184;G;3.7;G
2024-07-14;12:00:00;186;G;2.3;G
2024-07-14;13:00:00;188;G;2.6;G
2024-07-14;14:00:00;201;G;4.1;G
2024-07-14;15:00:00;202;G;2.9;G
2024-07-14;16:00:00;196;G;2.8;G
2024-07-14;17:00:00;178;G;2.4;G
2024-07-14;18:00:00;195;G;1.6;G
2024-07-14;19:00:00;155;G;2.6;G
2024-07-14;20:00:00;155;G;1.9;G
2024-07-14;21:00:00;146;G;1.9;G
2024-07-14;22:00:00;184;G;1.2;G
2024-07-14;23:00:00;173;G;0.7;G
2024-07-15;00:00:00;176;G;0.9;G
2024-07-15;01:00:00;179;G;0.3;G
2024-07-15;02:00:00;201;G;1.3;G
2024-07-15;03:00:00;187;G;0.9;G
2024-07-15;04:00:00;197;G;1.4;G
2024-07-15;05:00:00;182;G;1.0;G
2024-07-15;06:00:00;214;G;1.9;G
2024-07-15;07:00:00;212;G;1.3;G
2024-07-15;08:00:00;188;G;2.4;G
2024-07-15;09:00:00;201;G;1.7;G
2024-07-15;10:00:00;162;G;4.0;G
2024-07-15;11:00:00;158;G;2.9;G
2024-07-15;12:00:00;189;G;2.8;G
2024-07-15;13:00:00;174;G;3.9;G
2024-07-15;14:00:00;168;G;4.0;G
2024-07-15;15:00:00;160;G;3.4;G
2024-07-15;16:00:00;174;G;2.9;G
2024-07-15;17:00:00;171;G;3.6;G
2024-07-15;18:00:00;152;G;3.5;G
2024-07-15;19:00:00;157;G;2.8;G
2024-07-15;20:00:00;157;G;3.7;G
2024-07-15;21:00:00;152;G;1.9;G
2024-07-15;22:00:00;155;G;2.1;G
2024-07-15;23:00:00;131;G;0.9;G
2024-07-16;00:00:00;130;G;0.9;G
2024-07-16;01:00:00;116;G;0.8;G
2024-07-16;02:00:00;135;G;0.4;G
2024-07-16;03:00:00;102;G;0.3;G
2024-07-16;04:00:00;106;G;0.6;G
2024-07-16;05:00:00;182;G;1.3;G
2024-07-16;06:00:00;217;G;0.8;G
2024-07-16;07:00:00;148;G;0.9;G
2024-07-16;08:00:00;148;G;2.3;G
2024-07-16;09:00:00;185;G;3.2;G
2024-07-16;10:00:00;152;G;2.7;G
2024-07-16;11:00:00;177;G;2.1;G
2024-07-16;14:00:00;186;G;1.9;G
2024-07-16;15:00:00;179;G;2.1;G
2024-07-16;16:00:00;171;G;1.8;G
2024-07-16;17:00:00;134;G;2.0;G
2024-07-16;18:00:00;147;G;1.7;G
2024-07-16;19:00:00;94;G;2.1;G
2024-07-16;20:00:00;89;G;1.3;G
2024-07-16;21:00:00;66;G;2.0;G
2024-07-16;22:00:00;81;G;1.8;G
2024-07-16;23:00:00;68;G;2.4;G
2024-07-17;00:00:00;25;G;1.1;G
2024-07-17;01:00:00;41;G;1.8;G
2024-07-17;02:00:00;57;G;2.0;G
2024-07-17;03:00:00;72;G;0.5;G
2024-07-17;04:00:00;55;G;1.2;G
2024-07-17;05:00:00;67;G;1.6;G
2024-07-17;06:00:00;83;G;1.4;G
2024-07-17;07:00:00;92;G;1.6;G
2024-07-17;08:00:00;137;G;1.5;G
2024-07-17;09:00:00;125;G;1.9;G
2024-07-17;10:00:00;156;G;2.9;G
2024-07-17;11:00:00;201;G;2.0;G
2024-07-17;12:00:00;212;G;3.0;G
2024-07-17;13:00:00;208;G;3.6;G
2024-07-17;14:00:00;195;G;2.8;G
2024-07-17;15:00:00;212;G;2.7;G
2024-07-17;16:00:00;208;G;4.3;G
2024-07-17;17:00:00;196;G;2.8;G
2024-07-17;18:00:00;206;G;2.7;G
2024-07-17;19:00:00;190;G;2.3;G
2024-07-17;20:00:00;183;G;1.9;G
2024-07-17;21:00:00;195;G;3.3;G
2024-07-17;22:00:00;196;G;2.9;G
2024-07-17;23:00:00;194;G;2.1;G
2024-07-18;00:00:00;190;G;2.9;G
2024-07-18;01:00:00;175;G;2.2;G
2024-07-18;02:00:00;174;G;3.1;G
2024-07-18;03:00:00;187;G;2.9;G
2024-07-18;04:00:00;200;G;2.4;G
2024-07-18;05:00:00;213;G;2.7;G
2024-07-18;06:00:00;231;G;2.2;G
2024-07-18;07:00:00;218;G;3.9;G
2024-07-18;08:00:00;214;G;2.5;G
2024-07-18;09:00:00;220;G;2.7;G
2024-07-18;10:00:00;247;G;3.0;G
2024-07-18;11:00:00;265;G;3.0;G
2024-07-18;12:00:00;255;G;2.7;G
2024-07-18;13:00:00;245;G;3.7;G
2024-07-18;14:00:00;239;G;3.4;G
2024-07-18;15:00:00;261;G;3.1;G
2024-07-18;16:00:00;272;G;2.2;G
2024-07-18;17:00:00;255;G;2.5;G
2024-07-18;18:00:00;261;G;2.1;G
2024-07-18;19:00:00;261;G;2.5;G
2024-07-18;20:00:00;264;G;2.2;G
2024-07-18;21:00:00;271;G;2.2;G
2024-07-18;22:00:00;266;G;2.3;G
2024-07-18;23:00:00;280;G;1.8;G
2024-07-19;00:00:00;268;G;2.2;G
2024-07-19;01:00:00;273;G;1.8;G
2024-07-19;02:00:00;269;G;1.9;G
2024-07-19;03:00:00;268;G;1.7;G
2024-07-19;04:00:00;275;G;2.0;G
2024-07-19;05:00:00;271;G;1.9;G
2024-07-19;06:00:00;282;G;1.5;G
2024-07-19;07:00:00;295;G;2.0;G
2024-07-19;08:00:00;282;G;1.9;G
2024-07-19;09:00:00;310;G;1.8;G
2024-07-19;10:00:00;319;G;2.5;G
2024-07-19;11:00:00;284;G;2.1;G
2024-07-19;12:00:00;308;G;1.4;G
2024-07-19;13:00:00;307;G;1.7;G
2024-07-19;14:00:00;302;G;2.0;G
2024-07-19;15:00:00;307;G;2.1;G
2024-07-19;16:00:00;276;G;1.5;G
2024-07-19;17:00:00;293;G;1.5;G
2024-07-19;18:00:00;298;G;1.4;G
2024-07-19;19:00:00;270;G;0.5;G
2024-07-19;20:00:00;270;G;0.2;G
2024-07-19;21:00:00;261;G;0.6;G
2024-07-19;22:00:00;234;G;0.2;G
2024-07-19;23:00:00;269;G;0.5;G
2024-07-20;00:00:00;276;G;0.6;G
2024-07-20;01:00:00;276;G;0.2;G
2024-07-20;02:00:00;274;G;0.3;G
2024-07-20;03:00:00;296;G;0.4;G
2024-07-20;04:00:00;299;G;0.8;G
2024-07-20;05:00:00;330;G;1.7;G
2024-07-20;06:00:00;322;G;1.2;G
2024-07-20;07:00:00;320;G;1.6;G
2024-07-20;08:00:00;315;G;1.8;G
2024-07-20;09:00:00;338;G;1.8;G
2024-07-20;12:00:00;328;G;2.9;G
2024-07-20;13:00:00;345;G;3.1;G
2024-07-20;14:00:00;18;G;2.2;G
2024-07-20;15:00:00;351;G;2.3;G
2024-07-20;16:00:00;347;G;3.0;G
2024-07-20;17:00:00;334;G;3.1;G
2024-07-20;18:00:00;334;G;1.9;G
2024-07-20;19:00:00;336;G;1.7;G
2024-07-20;20:00:00;35;G;1.4;G
2024-07-20;21:00:00;29;G;1.0;G
2024-07-20;22:00:00;31;G;0.9;G
2024-07-20;23:00:00;6;G;1.5;G
2024-07-21;00:00:00;7;G;1.1;G
2024-07-21;01:00:00;46;G;1.2;G
2024-07-21;02:00:00;352;G;0.8;G
2024-07-21;03:00:00;319;G;1.3;G
2024-07-21;04:00:00;331;G;1.5;G
2024-07-21;05:00:00;333;G;1.8;G
2024-07-21;06:00:00;319;G;2.0;G
2024-07-21;07:00:00;328;G;1.6;G
2024-07-21;08:00:00;324;G;0.8;G
2024-07-21;09:00:00;357;G;1.2;G
2024-07-21;11:00:00;2;G;0.7;G
2024-07-21;12:00:00;336;G;1.4;G
2024-07-21;13:00:00;14;G;1.0;G
2024-07-21;14:00:00;345;G;1.5;G
2024-07-21;15:00:00;325;G;1.6;G
2024-07-21;16:00:00;5;G;1.4;G
2024-07-21;17:00:00;70;G;2.9;G
2024-07-21;18:00:00;71;G;2.7;G
2024-07-21;19:00:00;71;G;2.2;G
2024-07-21;20:00:00;88;G;2.0;G
2024-07-21;21:00:00;111;G;1.1;G
2024-07-21;22:00:00;103;G;1.4;G
2024-07-21;23:00:00;101;G;1.2;G
2024-07-22;00:00:00;97;G;1.3;G
2024-07-22;01:00:00;145;G;1.3;G
2024-07-22;02:00:00;74;G;0.7;G
2024-07-22;03:00:00;96;G;1.1;G
2024-07-22;04:00:00;155;G;0.5;G
2024-07-22;05:00:00;146;G;1.2;G
2024-07-22;06:00:00;86;G;0.2;G
2024-07-22;07:00:00;102;G;0.7;G
2024-07-22;08:00:00;27;G;0.4;G
2024-07-22;09:00:00;51;G;1.2;G
2024-07-22;10:00:00;100;G;1.4;G
2024-07-22;12:00:00;102;G;2.2;G
2024-07-22;13:00:00;88;G;2.7;G
2024-07-22;14:00:00;135;G;3.1;G
2024-07-22;15:00:00;96;G;2.8;G
2024-07-22;16:00:00;136;G;2.4;G
2024-07-22;17:00:00;122;G;1.4;G
2024-07-22;18:00:00;113;G;1.7;G
2024-07-22;19:00:00;98;G;1.6;G
2024-07-22;20:00:00;135;G;2.3;G
2024-07-22;21:00:00;105;G;1.3;G
2024-07-22;22:00:00;138;G;0.8;G
2024-07-22;23:00:00;124;G;1.1;G
2024-07-23;00:00:00;110;G;1.0;G
2024-07-23;01:00:00;122;G;0.3;G
2024-07-23;02:00:00;117;G;0.3;G
2024-07-23;03:00:00;98;G;0.8;G
2024-07-23;04:00:00;99;G;0.7;G
2024-07-23;05:00:00;118;G;0.5;G
2024-07-23;06:00:00;118;G;0.3;G
2024-07-23;07:00:00;118;G;0.3;G
2024-07-23;08:00:00;107;G;0.2;G
2024-07-23;09:00:00;107;G;0.5;G
2024-07-23;10:00:00;200;G;0.5;G
2024-07-23;11:00:00;87;G;0.3;G
2024-07-23;13:00:00;208;G;0.7;G
2024-07-23;14:00:00;164;G;2.4;G
2024-07-23;15:00:00;239;G;0.8;G
2024-07-23;16:00:00;205;G;1.1;G
2024-07-23;17:00:00;228;G;2.5;G
2024-07-23;18:00:00;187;G;0.2;G
2024-07-23;19:00:00;214;G;2.0;G
2024-07-23;20:00:00;211;G;2.0;G
2024-07-23;21:00:00;217;G;2.4;G
2024-07-23;22:00:00;220;G;2.4;G
2024-07-23;23:00:00;218;G;0.6;G
2024-07-24;00:00:00;218;G;0.5;G
2024-07-24;01:00:00;218;G;0.4;G
2024-07-24;02:00:00;209;G;1.2;G
2024-07-24;03:00:00;209;G;1.4;G
2024-07-24;04:00:00;231;G;0.9;G
2024-07-24;05:00:00;209;G;0.6;G
2024-07-24;06:00:00;237;G;0.8;G
2024-07-24;07:00:00;170;G;1.1;G
2024-07-24;08:00:00;203;G;0.4;G
2024-07-24;12:00:00;86;G;0.9;G
2024-07-24;14:00:00;49;G;1.3;G
2024-07-24;15:00:00;33;G;2.2;G
2024-07-24;16:00:00;42;G;1.7;G
2024-07-24;17:00:00;154;G;3.3;G
2024-07-24;18:00:00;222;G;2.3;G
2024-07-24;19:00:00;319;G;3.2;G
2024-07-24;20:00:00;353;G;1.3;G
2024-07-24;21:00:00;360;G;0.3;G
2024-07-24;22:00:00;67;G;1.2;G
2024-07-24;23:00:00;79;G;1.4;G
2024-07-25;00:00:00;88;G;1.6;G
2024-07-25;01:00:00;121;G;0.9;G
2024-07-25;02:00:00;90;G;1.0;G
2024-07-25;03:00:00;95;G;0.1;G
2024-07-25;04:00:00;95;G;0.3;G
2024-07-25;05:00:00;95;G;0.4;G
2024-07-25;06:00:00;94;G;0.2;G
2024-07-25;07:00:00;164;G;1.0;G
2024-07-25;08:00:00;163;G;3.0;G
2024-07-25;09:00:00;162;G;1.6;G
2024-07-25;10:00:00;180;G;2.2;G
2024-07-25;11:00:00;174;G;2.5;G
2024-07-25;12:00:00;197;G;2.1;G
2024-07-25;14:00:00;217;G;2.5;G
2024-07-25;15:00:00;232;G;2.5;G
2024-07-25;16:00:00;221;G;2.8;G
2024-07-25;17:00:00;208;G;2.3;G
2024-07-25;18:00:00;213;G;2.3;G
2024-07-25;19:00:00;209;G;1.3;G
2024-07-25;20:00:00;208;G;2.0;G
2024-07-25;21:00:00;210;G;1.7;G
2024-07-25;22:00:00;205;G;1.2;G
2024-07-25;23:00:00;204;G;1.5;G
2024-07-26;00:00:00;218;G;1.7;G
2024-07-26;01:00:00;219;G;1.8;G
2024-07-26;02:00:00;222;G;1.3;G
2024-07-26;03:00:00;199;G;1.0;G
2024-07-26;04:00:00;210;G;1.9;G
2024-07-26;05:00:00;206;G;1.6;G
2024-07-26;06:00:00;215;G;1.9;G
2024-07-26;07:00:00;191;G;1.9;G
2024-07-26;08:00:00;180;G;1.7;G
2024-07-26;10:00:00;192;G;1.7;G
2024-07-26;11:00:00;165;G;2.7;G
2024-07-26;12:00:00;213;G;2.5;G
2024-07-26;13:00:00;197;G;2.3;G
2024-07-26;14:00:00;197;G;2.9;G
2024-07-26;15:00:00;166;G;3.5;G
2024-07-26;16:00:00;167;G;3.9;G
2024-07-26;17:00:00;169;G;3.7;G
2024-07-26;18:00:00;154;G;2.2;G
2024-07-26;19:00:00;160;G;2.5;G
2024-07-26;20:00:00;156;G;1.7;G
2024-07-26;21:00:00;138;G;0.8;G
2024-07-26;22:00:00;156;G;1.7;G
2024-07-26;23:00:00;162;G;1.3;G
2024-07-27;00:00:00;156;G;1.8;G
2024-07-27;01:00:00;141;G;0.6;G
2024-07-27;02:00:00;156;G;0.4;G
2024-07-27;03:00:00;226;G;1.3;G
2024-07-27;04:00:00;281;G;1.4;G
2024-07-27;05:00:00;280;G;0.3;G
2024-07-27;06:00:00;0;G;0.0;G
2024-07-27;07:00:00;140;G;0.8;G
2024-07-27;08:00:00;159;G;2.7;G
2024-07-27;09:00:00;160;G;2.3;G
2024-07-27;10:00:00;155;G;2.4;G
2024-07-27;11:00:00;200;G;0.5;G
2024-07-27;12:00:00;145;G;2.1;G
2024-07-27;14:00:00;192;G;1.8;G
2024-07-27;15:00:00;194;G;1.6;G
2024-07-27;16:00:00;208;G;1.5;G
2024-07-27;17:00:00;208;G;2.0;G
2024-07-27;18:00:00;191;G;1.1;G
2024-07-27;19:00:00;202;G;1.1;G
2024-07-27;20:00:00;210;G;2.1;G
2024-07-27;21:00:00;219;G;1.6;G
2024-07-27;22:00:00;202;G;1.4;G
2024-07-27;23:00:00;211;G;1.6;G
2024-07-28;00:00:00;196;G;1.3;G
2024-07-28;01:00:00;206;G;2.3;G
2024-07-28;02:00:00;217;G;2.2;G
2024-07-28;03:00:00;204;G;2.6;G
2024-07-28;04:00:00;212;G;2.6;G
2024-07-28;05:00:00;233;G;2.1;G
2024-07-28;06:00:00;266;G;2.7;G
2024-07-28;07:00:00;227;G;1.5;G
2024-07-28;08:00:00;253;G;1.0;G
2024-07-28;09:00:00;266;G;2.4;G
2024-07-28;10:00:00;263;G;2.2;G
2024-07-28;11:00:00;309;G;2.7;G
2024-07-28;13:00:00;327;G;3.7;G
2024-07-28;14:00:00;328;G;3.7;G
2024-07-28;15:00:00;316;G;2.0;G
2024-07-28;16:00:00;340;G;2.6;G
2024-07-28;17:00:00;340;G;1.8;G
2024-07-28;18:00:00;349;G;2.1;G
2024-07-28;19:00:00;323;G;0.8;G
2024-07-28;20:00:00;266;G;0.9;G
2024-07-28;21:00:00;273;G;1.2;G
2024-07-28;22:00:00;304;G;2.1;G
2024-07-28;23:00:00;298;G;1.3;G
2024-07-29;00:00:00;314;G;2.2;G
2024-07-29;01:00:00;305;G;2.1;G
2024-07-29;02:00:00;308;G;2.2;G
2024-07-29;03:00:00;302;G;2.3;G
2024-07-29;04:00:00;304;G;2.7;G
2024-07-29;05:00:00;298;G;2.3;G
2024-07-29;06:00:00;318;G;4.5;G
2024-07-29;07:00:00;326;G;3.7;G
2024-07-29;08:00:00;327;G;4.1;G
2024-07-29;09:00:00;329;G;3.8;G
2024-07-29;10:00:00;317;G;3.3;G
2024-07-29;11:00:00;326;G;2.4;G
2024-07-29;12:00:00;338;G;2.6;G
2024-07-29;13:00:00;328;G;3.4;G
2024-07-29;14:00:00;330;G;3.4;G
2024-07-29;15:00:00;342;G;1.9;G
2024-07-29;16:00:00;323;G;2.5;G
2024-07-29;17:00:00;331;G;2.1;G
2024-07-29;18:00:00;335;G;1.7;G
2024-07-29;19:00:00;336;G;1.1;G
2024-07-29;20:00:00;337;G;0.4;G
2024-07-29;21:00:00;0;G;0.0;G
2024-07-29;22:00:00;0;G;0.0;G
2024-07-29;23:00:00;259;G;1.2;G
2024-07-30;00:00:00;266;G;0.9;G
2024-07-30;01:00:00;261;G;1.2;G
2024-07-30;02:00:00;268;G;1.1;G
2024-07-30;03:00:00;277;G;1.1;G
2024-07-30;04:00:00;270;G;0.9;G
2024-07-30;05:00:00;294;G;1.3;G
2024-07-30;06:00:00;294;G;0.9;G
2024-07-30;07:00:00;303;G;0.6;G
2024-07-30;08:00:00;270;G;1.3;G
2024-07-30;09:00:00;318;G;1.8;G
2024-07-30;10:00:00;266;G;1.3;G
2024-07-30;11:00:00;232;G;2.0;G
2024-07-30;12:00:00;289;G;2.4;G
2024-07-30;14:00:00;307;G;1.8;G
2024-07-30;15:00:00;273;G;1.8;G
2024-07-30;16:00:00;308;G;2.3;G
2024-07-30;17:00:00;289;G;1.5;G
2024-07-30;18:00:00;248;G;1.0;G
2024-07-30;19:00:00;234;G;1.2;G
2024-07-30;20:00:00;150;G;0.9;G
2024-07-30;21:00:00;77;G;0.7;G
2024-07-30;22:00:00;128;G;0.5;G
2024-07-30;23:00:00;239;G;0.8;G
2024-07-31;00:00:00;189;G;0.8;G
2024-07-31;01:00:00;218;G;1.0;G
2024-07-31;02:00:00;217;G;1.3;G
2024-07-31;03:00:00;217;G;2.8;G
2024-07-31;04:00:00;222;G;2.2;G
2024-07-31;05:00:00;222;G;2.7;G
2024-07-31;06:00:00;212;G;2.8;G
2024-07-31;07:00:00;224;G;2.5;G
2024-07-31;08:00:00;236;G;1.9;G
2024-07-31;09:00:00;239;G;2.2;G
2024-07-31;10:00:00;261;G;2.5;G
2024-07-31;11:00:00;234;G;3.1;G
2024-07-31;12:00:00;294;G;1.7;G
2024-07-31;13:00:00;46;G;0.6;G
2024-07-31;14:00:00;235;G;1.4;G
2024-07-31;15:00:00;260;G;1.0;G
2024-07-31;16:00:00;325;G;1.8;G
2024-07-31;17:00:00;296;G;2.0;G
2024-07-31;18:00:00;319;G;3.5;G
2024-07-31;19:00:00;292;G;1.1;G
2024-07-31;20:00:00;284;G;1.1;G
2024-07-31;21:00:00;303;G;1.7;G
2024-07-31;22:00:00;307;G;0.8;G
2024-07-31;23:00:00;317;G;1.8;G
2024-08-01;00:00:00;325;G;2.4;G
2024-08-01;01:00:00;318;G;2.1;G
2024-08-01;02:00:00;0;G;1.3;G
2024-08-01;03:00:00;278;G;1.4;G
2024-08-01;04:00:00;277;G;1.9;G
2024-08-01;05:00:00;300;G;2.1;G
2024-08-01;06:00:00;327;G;2.0;G
2024-08-01;07:00:00;323;G;2.9;G
2024-08-01;08:00:00;320;G;2.0;G
2024-08-01;09:00:00;287;G;2.1;G
2024-08-01;10:00:00;288;G;2.0;G
2024-08-01;11:00:00;294;G;2.6;G
2024-08-01;12:00:00;299;G;2.7;G
2024-08-01;13:00:00;307;G;2.3;G
2024-08-01;14:00:00;307;G;2.2;G
2024-08-01;15:00:00;310;G;2.8;G
2024-08-01;16:00:00;295;G;2.1;G
2024-08-01;17:00:00;323;G;1.9;G
2024-08-01;18:00:00;283;G;1.3;G
2024-08-01;19:00:00;247;G;0.7;G
2024-08-01;20:00:00;330;G;0.4;G
2024-08-01;21:00:00;279;G;0.3;G
2024-08-01;22:00:00;264;G;0.5;G
2024-08-01;23:00:00;275;G;0.6;G
2024-08-02;00:00:00;258;G;0.7;G
2024-08-02;01:00:00;264;G;1.0;G
2024-08-02;02:00:00;290;G;1.2;G
2024-08-02;03:00:00;288;G;1.0;G
2024-08-02;04:00:00;299;G;1.6;G
2024-08-02;05:00:00;299;G;1.7;G
2024-08-02;06:00:00;311;G;2.1;G
2024-08-02;07:00:00;309;G;2.2;G
2024-08-02;08:00:00;314;G;1.6;G
2024-08-02;09:00:00;319;G;1.4;G
2024-08-02;10:00:00;301;G;2.3;G
2024-08-02;11:00:00;347;G;1.8;G
2024-08-02;12:00:00;327;G;2.9;G
2024-08-02;13:00:00;318;G;1.8;G
2024-08-02;14:00:00;320;G;1.6;G
2024-08-02;15:00:00;12;G;1.6;G
2024-08-02;16:00:00;359;G;1.3;G
2024-08-02;17:00:00;352;G;0.5;G
2024-08-02;19:00:00;0;G;0.2;G
2024-08-02;20:00:00;51;G;1.1;G
2024-08-02;21:00:00;17;G;0.7;G
2024-08-02;22:00:00;0;G;0.0;G
2024-08-02;23:00:00;67;G;0.2;G
2024-08-03;01:00:00;321;G;0.1;G
2024-08-03;02:00:00;321;G;0.2;G
2024-08-03;03:00:00;287;G;0.8;G
2024-08-03;04:00:00;288;G;1.0;G
2024-08-03;05:00:00;300;G;1.2;G
2024-08-03;06:00:00;309;G;1.2;G
2024-08-03;07:00:00;312;G;1.1;G
2024-08-03;08:00:00;321;G;2.0;G
2024-08-03;09:00:00;339;G;2.3;G
2024-08-03;10:00:00;288;G;1.8;G
2024-08-03;11:00:00;357;G;1.4;G
2024-08-03;12:00:00;339;G;1.5;G
2024-08-03;13:00:00;318;G;2.2;G
2024-08-03;14:00:00;344;G;1.5;G
2024-08-03;15:00:00;19;G;1.0;G
2024-08-03;16:00:00;329;G;1.3;G
2024-08-03;17:00:00;11;G;0.7;G
2024-08-03;18:00:00;6;G;0.6;G
2024-08-03;19:00:00;6;G;0.2;G
2024-08-03;21:00:00;40;G;0.7;G
2024-08-03;22:00:00;58;G;1.1;G
2024-08-03;23:00:00;43;G;1.2;G
2024-08-04;00:00:00;23;G;0.6;G
2024-08-04;01:00:00;23;G;0.6;G
2024-08-04;02:00:00;48;G;0.8;G
2024-08-04;03:00:00;0;G;0.0;G
2024-08-04;04:00:00;34;G;0.8;G
2024-08-04;05:00:00;54;G;0.5;G
2024-08-04;06:00:00;59;G;1.4;G
2024-08-04;07:00:00;105;G;0.7;G
2024-08-04;08:00:00;51;G;0.4;G
2024-08-04;09:00:00;57;G;0.9;G
2024-08-04;10:00:00;322;G;0.8;G
2024-08-04;11:00:00;4;G;1.5;G
2024-08-04;12:00:00;356;G;1.2;G
2024-08-04;13:00:00;153;G;0.7;G
2024-08-04;14:00:00;162;G;4.0;G
2024-08-04;15:00:00;158;G;0.5;G
2024-08-04;16:00:00;260;G;0.3;G
2024-08-04;17:00:00;259;G;0.2;G
2024-08-04;18:00:00;103;G;1.7;G
2024-08-04;19:00:00;106;G;0.3;G
2024-08-04;20:00:00;98;G;0.3;G
2024-08-04;21:00:00;109;G;0.2;G
2024-08-04;22:00:00;73;G;0.1;G
2024-08-04;23:00:00;309;G;0.3;G
2024-08-05;00:00:00;307;G;0.1;G
2024-08-05;01:00:00;327;G;0.4;G
2024-08-05;02:00:00;28;G;0.5;G
2024-08-05;03:00:00;307;G;0.6;G
2024-08-05;04:00:00;302;G;0.5;G
2024-08-05;05:00:00;300;G;0.1;G
2024-08-05;06:00:00;290;G;0.2;G
2024-08-05;07:00:00;358;G;0.8;G
2024-08-05;08:00:00;322;G;1.4;G
2024-08-05;09:00:00;354;G;0.6;G
2024-08-05;10:00:00;294;G;1.0;G
2024-08-05;11:00:00;326;G;2.4;G
2024-08-05;12:00:00;321;G;1.1;G
2024-08-05;13:00:00;295;G;2.0;G
2024-08-05;14:00:00;350;G;1.1;G
2024-08-05;15:00:00;320;G;1.0;G
2024-08-05;16:00:00;317;G;1.6;G
2024-08-05;17:00:00;342;G;1.3;G
2024-08-05;18:00:00;14;G;0.7;G
2024-08-05;19:00:00;346;G;0.6;G
2024-08-05;20:00:00;0;G;0.0;G
2024-08-05;21:00:00;46;G;0.9;G
2024-08-05;22:00:00;67;G;1.6;G
2024-08-05;23:00:00;58;G;0.1;G
2024-08-06;00:00:00;63;G;0.8;G
2024-08-06;01:00:00;9;G;0.2;G
2024-08-06;02:00:00;0;G;0.0;G
2024-08-06;05:00:00;70;G;0.9;G
2024-08-06;06:00:00;92;G;0.9;G
2024-08-06;07:00:00;94;G;1.0;G
2024-08-06;08:00:00;84;G;0.8;G
2024-08-06;09:00:00;66;G;0.8;G
2024-08-06;10:00:00;6;G;1.1;G
2024-08-06;11:00:00;346;G;1.2;G
2024-08-06;12:00:00;9;G;1.0;G
2024-08-06;13:00:00;331;G;0.3;G
2024-08-06;14:00:00;0;G;1.0;G
2024-08-06;15:00:00;344;G;0.5;G
2024-08-06;16:00:00;85;G;1.0;G
2024-08-06;17:00:00;37;G;1.8;G
2024-08-06;18:00:00;68;G;2.3;G
2024-08-06;19:00:00;126;G;1.7;G
2024-08-06;20:00:00;86;G;1.6;G
2024-08-06;21:00:00;88;G;1.4;G
2024-08-06;22:00:00;120;G;1.0;G
2024-08-06;23:00:00;96;G;0.7;G
2024-08-07;00:00:00;89;G;0.7;G
2024-08-07;01:00:00;96;G;1.0;G
2024-08-07;02:00:00;96;G;0.8;G
2024-08-07;03:00:00;89;G;1.1;G
2024-08-07;04:00:00;96;G;1.2;G
2024-08-07;05:00:00;95;G;0.9;G
2024-08-07;06:00:00;109;G;0.6;G
2024-08-07;07:00:00;117;G;1.4;G
2024-08-07;08:00:00;147;G;0.4;G
2024-08-07;09:00:00;176;G;1.5;G
2024-08-07;10:00:00;146;G;2.2;G
2024-08-07;11:00:00;202;G;2.2;G
2024-08-07;12:00:00;198;G;2.6;G
2024-08-07;13:00:00;154;G;2.9;G
2024-08-07;14:00:00;70;G;3.2;G
2024-08-07;15:00:00;88;G;1.4;G
2024-08-07;16:00:00;95;G;1.9;G
2024-08-07;17:00:00;117;G;1.7;G
2024-08-07;18:00:00;97;G;0.9;G
2024-08-07;19:00:00;160;G;1.5;G
2024-08-07;20:00:00;147;G;1.6;G
2024-08-07;21:00:00;134;G;1.3;G
2024-08-07;22:00:00;142;G;1.6;G
2024-08-07;23:00:00;106;G;1.3;G
2024-08-08;00:00:00;99;G;1.3;G
2024-08-08;01:00:00;118;G;1.3;G
2024-08-08;02:00:00;100;G;1.4;G
2024-08-08;03:00:00;116;G;1.6;G
2024-08-08;04:00:00;150;G;2.4;G
2024-08-08;05:00:00;146;G;1.3;G
2024-08-08;06:00:00;161;G;2.8;G
2024-08-08;07:00:00;159;G;2.9;G
2024-08-08;08:00:00;160;G;2.6;G
2024-08-08;09:00:00;145;G;2.0;G
2024-08-08;10:00:00;155;G;2.8;G
2024-08-08;11:00:00;176;G;3.2;G
2024-08-08;12:00:00;171;G;2.9;G
2024-08-08;13:00:00;161;G;3.3;G
2024-08-08;14:00:00;169;G;4.5;G
2024-08-08;15:00:00;171;G;3.0;G
2024-08-08;16:00:00;170;G;3.2;G
2024-08-08;17:00:00;159;G;2.1;G
2024-08-08;18:00:00;202;G;2.0;G
2024-08-08;19:00:00;225;G;2.5;G
2024-08-08;20:00:00;235;G;1.3;G
2024-08-08;21:00:00;233;G;1.3;G
2024-08-08;22:00:00;226;G;1.9;G
2024-08-08;23:00:00;222;G;1.3;G
2024-08-09;00:00:00;243;G;0.7;G
2024-08-09;01:00:00;225;G;1.5;G
2024-08-09;02:00:00;219;G;1.0;G
2024-08-09;03:00:00;222;G;1.0;G
2024-08-09;04:00:00;212;G;0.7;G
2024-08-09;05:00:00;230;G;0.8;G
2024-08-09;06:00:00;156;G;1.6;G
2024-08-09;07:00:00;220;G;1.6;G
2024-08-09;08:00:00;179;G;2.0;G
2024-08-09;09:00:00;176;G;2.3;G
2024-08-09;10:00:00;157;G;3.9;G
2024-08-09;11:00:00;176;G;3.9;G
2024-08-09;12:00:00;182;G;3.0;G
2024-08-09;13:00:00;174;G;3.9;G
2024-08-09;14:00:00;168;G;4.4;G
2024-08-09;15:00:00;168;G;3.2;G
2024-08-09;16:00:00;166;G;4.6;G
2024-08-09;17:00:00;153;G;2.9;G
2024-08-09;18:00:00;153;G;3.5;G
2024-08-09;19:00:00;143;G;3.2;G
2024-08-09;20:00:00;154;G;3.6;G
2024-08-09;21:00:00;166;G;2.0;G
2024-08-09;22:00:00;196;G;2.5;G
2024-08-09;23:00:00;209;G;2.2;G
2024-08-10;00:00:00;214;G;2.8;G
2024-08-10;01:00:00;213;G;2.6;G
2024-08-10;02:00:00;210;G;3.4;G
2024-08-10;03:00:00;215;G;3.8;G
2024-08-10;04:00:00;212;G;2.8;G
2024-08-10;05:00:00;219;G;3.6;G
2024-08-10;06:00:00;229;G;4.1;G
2024-08-10;07:00:00;232;G;3.1;G
2024-08-10;08:00:00;226;G;5.2;G
2024-08-10;09:00:00;233;G;3.2;G
2024-08-10;10:00:00;227;G;4.7;G
2024-08-10;11:00:00;246;G;3.7;G
2024-08-10;12:00:00;237;G;3.7;G
2024-08-10;13:00:00;237;G;4.4;G
2024-08-10;14:00:00;225;G;4.0;G
2024-08-10;15:00:00;226;G;4.8;G
2024-08-10;16:00:00;242;G;3.7;G
2024-08-10;17:00:00;225;G;3.8;G
2024-08-10;18:00:00;232;G;4.1;G
2024-08-10;19:00:00;224;G;2.5;G
2024-08-10;20:00:00;220;G;2.9;G
2024-08-10;21:00:00;222;G;3.1;G
2024-08-10;22:00:00;219;G;3.1;G
2024-08-10;23:00:00;222;G;2.5;G
2024-08-11;00:00:00;221;G;2.9;G
2024-08-11;01:00:00;220;G;3.1;G
2024-08-11;02:00:00;220;G;3.7;G
2024-08-11;03:00:00;226;G;3.1;G
2024-08-11;04:00:00;225;G;3.2;G
2024-08-11;05:00:00;231;G;3.4;G
2024-08-11;06:00:00;239;G;3.8;G
2024-08-11;07:00:00;261;G;3.2;G
2024-08-11;08:00:00;245;G;3.0;G
2024-08-11;09:00:00;261;G;2.3;G
2024-08-11;10:00:00;275;G;2.2;G
2024-08-11;11:00:00;290;G;3.1;G
2024-08-11;12:00:00;288;G;2.8;G
2024-08-11;13:00:00;273;G;2.8;G
2024-08-11;14:00:00;310;G;2.4;G
2024-08-11;15:00:00;345;G;2.3;G
2024-08-11;16:00:00;270;G;1.7;G
2024-08-11;17:00:00;293;G;1.8;G
2024-08-11;18:00:00;267;G;1.5;G
2024-08-11;19:00:00;280;G;0.9;G
2024-08-11;20:00:00;219;G;1.2;G
2024-08-11;21:00:00;326;G;0.6;G
2024-08-11;22:00:00;310;G;0.9;G
2024-08-11;23:00:00;290;G;1.2;G
2024-08-12;00:00:00;307;G;1.1;G
2024-08-12;01:00:00;291;G;1.4;G
2024-08-12;02:00:00;274;G;1.8;G
2024-08-12;03:00:00;273;G;2.2;G
2024-08-12;04:00:00;271;G;2.2;G
2024-08-12;05:00:00;268;G;2.6;G
2024-08-12;06:00:00;277;G;2.8;G
2024-08-12;07:00:00;283;G;2.6;G
2024-08-12;08:00:00;299;G;3.2;G
2024-08-12;09:00:00;309;G;3.1;G
2024-08-12;10:00:00;289;G;3.5;G
2024-08-12;11:00:00;305;G;2.9;G
2024-08-12;12:00:00;304;G;2.8;G
2024-08-12;13:00:00;307;G;2.7;G
2024-08-12;14:00:00;327;G;2.7;G
2024-08-12;15:00:00;325;G;3.3;G
2024-08-12;16:00:00;309;G;2.2;G
2024-08-12;17:00:00;302;G;1.8;G
2024-08-12;18:00:00;299;G;1.8;G
2024-08-12;19:00:00;306;G;1.7;G
2024-08-12;20:00:00;299;G;1.1;G
2024-08-12;21:00:00;291;G;1.0;G
2024-08-12;22:00:00;294;G;0.9;G
2024-08-12;23:00:00;292;G;0.9;G
2024-08-13;00:00:00;275;G;1.1;G
2024-08-13;01:00:00;280;G;1.4;G
2024-08-13;02:00:00;283;G;0.9;G
2024-08-13;03:00:00;266;G;0.6;G
2024-08-13;04:00:00;273;G;0.9;G
2024-08-13;05:00:00;273;G;0.5;G
2024-08-13;06:00:00;305;G;0.8;G
2024-08-13;07:00:00;304;G;0.5;G
2024-08-13;08:00:00;235;G;1.2;G
2024-08-13;09:00:00;256;G;1.4;G
2024-08-13;10:00:00;227;G;1.1;G
2024-08-13;13:00:00;225;G;1.2;G
2024-08-13;14:00:00;315;G;0.8;G
2024-08-13;15:00:00;194;G;2.0;G
2024-08-13;16:00:00;157;G;2.2;G
2024-08-13;17:00:00;180;G;1.9;G
2024-08-13;18:00:00;204;G;1.3;G
2024-08-13;19:00:00;209;G;1.4;G
2024-08-13;20:00:00;205;G;1.3;G
2024-08-13;21:00:00;190;G;2.1;G
2024-08-13;22:00:00;184;G;1.5;G
2024-08-13;23:00:00;187;G;1.3;G
2024-08-14;00:00:00;186;G;1.6;G
2024-08-14;01:00:00;173;G;1.9;G
2024-08-14;02:00:00;189;G;1.1;G
2024-08-14;03:00:00;176;G;0.8;G
2024-08-14;05:00:00;0;G;0.0;G
2024-08-14;06:00:00;190;G;1.8;G
2024-08-14;07:00:00;172;G;1.6;G
2024-08-14;08:00:00;194;G;2.1;G
2024-08-14;09:00:00;189;G;2.6;G
2024-08-14;10:00:00;148;G;3.3;G
2024-08-14;11:00:00;160;G;3.3;G
2024-08-14;12:00:00;173;G;3.1;G
2024-08-14;13:00:00;202;G;2.3;G
2024-08-14;14:00:00;163;G;4.1;G
2024-08-14;15:00:00;190;G;2.1;G
2024-08-14;16:00:00;170;G;3.1;G
2024-08-14;17:00:00;191;G;1.9;G
2024-08-14;18:00:00;154;G;2.1;G
2024-08-14;19:00:00;168;G;1.6;G
2024-08-14;20:00:00;151;G;1.8;G
2024-08-14;21:00:00;155;G;1.2;G
2024-08-14;22:00:00;151;G;2.0;G
2024-08-14;23:00:00;149;G;1.4;G
2024-08-15;00:00:00;154;G;2.7;G
2024-08-15;01:00:00;158;G;2.8;G
2024-08-15;03:00:00;152;G;2.4;G
2024-08-15;04:00:00;143;G;1.2;G
2024-08-15;05:00:00;134;G;1.1;G
2024-08-15;06:00:00;162;G;2.2;G
2024-08-15;07:00:00;164;G;3.1;G
2024-08-15;08:00:00;162;G;3.6;G
2024-08-15;09:00:00;146;G;2.5;G
2024-08-15;10:00:00;166;G;3.2;G
2024-08-15;11:00:00;181;G;2.8;G
2024-08-15;12:00:00;155;G;2.8;G
2024-08-15;13:00:00;160;G;2.9;G
2024-08-15;14:00:00;160;G;3.6;G
2024-08-15;15:00:00;165;G;3.6;G
2024-08-15;16:00:00;170;G;4.2;G
2024-08-15;17:00:00;161;G;3.3;G
2024-08-15;18:00:00;175;G;2.4;G
2024-08-15;19:00:00;156;G;3.2;G
2024-08-15;20:00:00;161;G;3.8;G
2024-08-15;21:00:00;162;G;2.6;G
2024-08-15;22:00:00;175;G;2.0;G
2024-08-15;23:00:00;175;G;1.8;G
2024-08-16;00:00:00;179;G;1.5;G
2024-08-16;01:00:00;191;G;1.7;G
2024-08-16;02:00:00;214;G;1.5;G
2024-08-16;03:00:00;177;G;1.8;G
2024-08-16;04:00:00;189;G;1.6;G
2024-08-16;05:00:00;200;G;2.1;G
2024-08-16;06:00:00;211;G;3.1;G
2024-08-16;07:00:00;217;G;2.7;G
2024-08-16;08:00:00;220;G;3.0;G
2024-08-16;09:00:00;217;G;2.6;G
2024-08-16;10:00:00;209;G;3.2;G
2024-08-16;11:00:00;221;G;3.0;G
2024-08-16;12:00:00;210;G;3.6;G
2024-08-16;13:00:00;202;G;2.9;G
2024-08-16;14:00:00;216;G;4.6;G
2024-08-16;15:00:00;219;G;4.0;G
2024-08-16;16:00:00;230;G;3.8;G
2024-08-16;17:00:00;214;G;2.7;G
2024-08-16;18:00:00;205;G;1.3;G
2024-08-16;19:00:00;205;G;2.0;G
2024-08-16;20:00:00;209;G;1.9;G
2024-08-16;21:00:00;223;G;1.8;G
2024-08-16;22:00:00;212;G;2.3;G
2024-08-16;23:00:00;212;G;1.5;G
2024-08-17;00:00:00;210;G;1.8;G
2024-08-17;01:00:00;211;G;2.0;G
2024-08-17;02:00:00;215;G;2.1;G
2024-08-17;03:00:00;212;G;2.0;G
2024-08-17;04:00:00;210;G;1.8;G
2024-08-17;05:00:00;207;G;1.7;G
2024-08-17;06:00:00;209;G;1.6;G
2024-08-17;07:00:00;222;G;1.7;G
2024-08-17;08:00:00;212;G;3.8;G
2024-08-17;09:00:00;222;G;3.4;G
2024-08-17;10:00:00;224;G;3.4;G
2024-08-17;11:00:00;237;G;3.2;G
2024-08-17;12:00:00;211;G;4.2;G
2024-08-17;13:00:00;210;G;4.5;G
2024-08-17;14:00:00;218;G;4.5;G
2024-08-17;15:00:00;235;G;3.8;G
2024-08-17;16:00:00;237;G;4.1;G
2024-08-17;17:00:00;246;G;2.8;G
2024-08-17;18:00:00;229;G;2.7;G
2024-08-17;19:00:00;214;G;2.1;G
2024-08-17;20:00:00;218;G;2.3;G
2024-08-17;21:00:00;222;G;2.1;G
2024-08-17;22:00:00;213;G;1.9;G
2024-08-17;23:00:00;220;G;2.3;G
2024-08-18;00:00:00;219;G;2.5;G
2024-08-18;01:00:00;211;G;2.0;G
2024-08-18;02:00:00;214;G;2.3;G
2024-08-18;03:00:00;208;G;2.1;G
2024-08-18;04:00:00;200;G;2.1;G
2024-08-18;05:00:00;205;G;1.8;G
2024-08-18;06:00:00;201;G;2.3;G
2024-08-18;07:00:00;209;G;2.9;G
2024-08-18;08:00:00;206;G;2.5;G
2024-08-18;09:00:00;201;G;2.9;G
2024-08-18;10:00:00;203;G;3.6;G
2024-08-18;11:00:00;199;G;3.3;G
2024-08-18;12:00:00;209;G;3.1;G
2024-08-18;13:00:00;210;G;3.0;G
2024-08-18;14:00:00;199;G;3.5;G
2024-08-18;15:00:00;211;G;3.7;G
2024-08-18;16:00:00;197;G;2.5;G
2024-08-18;17:00:00;204;G;2.0;G
2024-08-18;18:00:00;185;G;1.7;G
2024-08-18;19:00:00;196;G;1.9;G
2024-08-18;20:00:00;193;G;2.2;G
2024-08-18;21:00:00;197;G;2.1;G
2024-08-18;22:00:00;211;G;2.4;G
2024-08-18;23:00:00;206;G;2.6;G
2024-08-19;00:00:00;191;G;1.6;G
2024-08-19;01:00:00;194;G;1.8;G
2024-08-19;02:00:00;194;G;1.6;G
2024-08-19;03:00:00;200;G;1.8;G
2024-08-19;04:00:00;208;G;1.7;G
2024-08-19;05:00:00;205;G;2.0;G
2024-08-19;06:00:00;217;G;2.1;G
2024-08-19;07:00:00;237;G;3.3;G
2024-08-19;08:00:00;233;G;3.1;G
2024-08-19;09:00:00;233;G;3.0;G
2024-08-19;10:00:00;250;G;3.0;G
2024-08-19;11:00:00;234;G;2.5;G
2024-08-19;12:00:00;249;G;3.1;G
2024-08-19;13:00:00;228;G;2.5;G
2024-08-19;14:00:00;298;G;1.4;G
2024-08-19;15:00:00;276;G;1.3;G
2024-08-19;16:00:00;224;G;2.1;G
2024-08-19;17:00:00;228;G;2.0;G
2024-08-19;18:00:00;197;G;1.8;G
2024-08-19;19:00:00;212;G;2.1;G
2024-08-19;20:00:00;215;G;1.9;G
2024-08-19;21:00:00;212;G;1.8;G
2024-08-19;22:00:00;206;G;1.9;G
2024-08-19;23:00:00;203;G;1.5;G
2024-08-20;00:00:00;209;G;2.1;G
2024-08-20;01:00:00;195;G;1.4;G
2024-08-20;02:00:00;188;G;1.5;G
2024-08-20;03:00:00;207;G;1.5;G
2024-08-20;04:00:00;210;G;1.8;G
2024-08-20;05:00:00;202;G;1.1;G
2024-08-20;06:00:00;194;G;1.2;G
2024-08-20;07:00:00;171;G;1.2;G
2024-08-20;08:00:00;181;G;2.0;G
2024-08-20;09:00:00;166;G;2.6;G
2024-08-20;10:00:00;202;G;2.8;G
2024-08-20;11:00:00;156;G;3.3;G
2024-08-20;12:00:00;166;G;4.0;G
2024-08-20;13:00:00;154;G;4.1;G
2024-08-20;14:00:00;166;G;3.8;G
2024-08-20;15:00:00;167;G;3.7;G
2024-08-20;16:00:00;162;G;4.5;G
2024-08-20;17:00:00;161;G;3.2;G
2024-08-20;18:00:00;165;G;3.4;G
2024-08-20;19:00:00;159;G;3.0;G
2024-08-20;20:00:00;142;G;1.7;G
2024-08-20;21:00:00;145;G;1.9;G
2024-08-20;22:00:00;140;G;1.7;G
2024-08-20;23:00:00;145;G;1.9;G
2024-08-21;00:00:00;138;G;1.5;G
2024-08-21;01:00:00;103;G;1.5;G
2024-08-21;02:00:00;91;G;1.6;G
2024-08-21;03:00:00;105;G;1.6;G
2024-08-21;04:00:00;91;G;1.6;G
2024-08-21;05:00:00;132;G;2.0;G
2024-08-21;06:00:00;151;G;3.9;G
2024-08-21;07:00:00;162;G;3.3;G
2024-08-21;08:00:00;169;G;2.9;G
2024-08-21;09:00:00;177;G;2.1;G
2024-08-21;10:00:00;179;G;2.4;G
2024-08-21;11:00:00;165;G;2.1;G
2024-08-21;12:00:00;147;G;2.2;G
2024-08-21;13:00:00;156;G;3.2;G
2024-08-21;14:00:00;155;G;3.5;G
2024-08-21;15:00:00;149;G;1.2;G
2024-08-21;16:00:00;166;G;2.1;G
2024-08-21;17:00:00;133;G;1.7;G
2024-08-21;18:00:00;228;G;0.5;G
2024-08-21;20:00:00;0;G;0.0;G
2024-08-21;21:00:00;0;G;0.0;G
2024-08-21;22:00:00;228;G;0.3;G
2024-08-21;23:00:00;228;G;0.8;G
2024-08-22;00:00:00;228;G;0.5;G
2024-08-22;01:00:00;223;G;1.6;G
2024-08-22;02:00:00;227;G;1.2;G
2024-08-22;03:00:00;232;G;1.7;G
2024-08-22;04:00:00;222;G;2.1;G
2024-08-22;05:00:00;218;G;2.2;G
2024-08-22;06:00:00;218;G;1.9;G
2024-08-22;07:00:00;212;G;2.8;G
2024-08-22;08:00:00;228;G;2.8;G
2024-08-22;09:00:00;224;G;3.8;G
2024-08-22;10:00:00;215;G;3.4;G
2024-08-22;11:00:00;226;G;2.7;G
2024-08-22;12:00:00;215;G;3.0;G
2024-08-22;13:00:00;209;G;3.7;G
2024-08-22;14:00:00;211;G;3.6;G
2024-08-22;15:00:00;207;G;3.2;G
2024-08-22;16:00:00;196;G;2.2;G
2024-08-22;17:00:00;202;G;2.0;G
2024-08-22;18:00:00;195;G;2.2;G
2024-08-22;19:00:00;198;G;2.1;G
2024-08-22;20:00:00;207;G;1.9;G
2024-08-22;21:00:00;203;G;2.0;G
2024-08-22;22:00:00;190;G;2.2;G
2024-08-22;23:00:00;171;G;3.1;G
2024-08-23;00:00:00;174;G;2.7;G
2024-08-23;01:00:00;166;G;2.7;G
2024-08-23;02:00:00;167;G;2.9;G
2024-08-23;03:00:00;169;G;3.2;G
2024-08-23;04:00:00;166;G;3.0;G
2024-08-23;05:00:00;159;G;3.2;G
2024-08-23;06:00:00;151;G;2.1;G
2024-08-23;07:00:00;175;G;3.1;G
2024-08-23;08:00:00;167;G;3.7;G
2024-08-23;09:00:00;164;G;4.7;G
2024-08-23;10:00:00;157;G;3.2;G
2024-08-23;11:00:00;160;G;3.3;G
2024-08-23;12:00:00;158;G;3.4;G
2024-08-23;13:00:00;167;G;3.8;G
2024-08-23;14:00:00;163;G;3.9;G
2024-08-23;15:00:00;162;G;4.5;G
2024-08-23;16:00:00;166;G;4.7;G
2024-08-23;17:00:00;155;G;4.4;G
2024-08-23;18:00:00;157;G;5.1;G
2024-08-23;19:00:00;158;G;5.1;G
2024-08-23;20:00:00;166;G;5.0;G
2024-08-23;21:00:00;178;G;4.3;G
2024-08-23;22:00:00;201;G;4.3;G
2024-08-23;23:00:00;210;G;5.5;G
2024-08-24;00:00:00;215;G;4.7;G
2024-08-24;01:00:00;217;G;5.8;G
2024-08-24;02:00:00;218;G;5.0;G
2024-08-24;03:00:00;214;G;4.4;G
2024-08-24;04:00:00;216;G;3.6;G
2024-08-24;05:00:00;218;G;3.7;G
2024-08-24;06:00:00;218;G;3.9;G
2024-08-24;07:00:00;231;G;3.8;G
2024-08-24;08:00:00;219;G;4.6;G
2024-08-24;09:00:00;216;G;3.4;G
2024-08-24;10:00:00;217;G;3.8;G
2024-08-24;11:00:00;212;G;4.5;G
2024-08-24;12:00:00;209;G;4.0;G
2024-08-24;13:00:00;217;G;4.4;G
2024-08-24;14:00:00;214;G;5.1;G
2024-08-24;15:00:00;211;G;4.7;G
2024-08-24;16:00:00;217;G;3.3;G
2024-08-24;17:00:00;216;G;3.2;G
2024-08-24;18:00:00;207;G;1.8;G
2024-08-24;19:00:00;158;G;2.0;G
2024-08-24;20:00:00;150;G;2.4;G
2024-08-24;21:00:00;138;G;2.4;G
2024-08-24;22:00:00;148;G;3.2;G
2024-08-24;23:00:00;144;G;3.3;G
2024-08-25;00:00:00;145;G;3.8;G
2024-08-25;01:00:00;149;G;3.6;G
2024-08-25;02:00:00;148;G;4.3;G
2024-08-25;03:00:00;149;G;5.2;G
2024-08-25;04:00:00;156;G;4.4;G
2024-08-25;05:00:00;165;G;4.0;G
2024-08-25;06:00:00;167;G;4.0;G
2024-08-25;07:00:00;182;G;2.5;G
2024-08-25;08:00:00;169;G;2.4;G
2024-08-25;09:00:00;189;G;3.4;G
2024-08-25;10:00:00;195;G;3.3;G
2024-08-25;11:00:00;218;G;4.0;G
2024-08-25;12:00:00;216;G;4.5;G
2024-08-25;13:00:00;223;G;4.8;G
2024-08-25;14:00:00;221;G;4.2;G
2024-08-25;15:00:00;218;G;5.1;G
2024-08-25;16:00:00;221;G;5.9;G
2024-08-25;17:00:00;223;G;4.0;G
2024-08-25;18:00:00;217;G;3.9;G
2024-08-25;19:00:00;210;G;3.7;G
2024-08-25;20:00:00;218;G;4.3;G
2024-08-25;21:00:00;220;G;4.5;G
2024-08-25;22:00:00;222;G;3.6;G
2024-08-25;23:00:00;214;G;2.8;G
2024-08-26;00:00:00;211;G;3.0;G
2024-08-26;01:00:00;196;G;2.3;G
2024-08-26;02:00:00;189;G;2.2;G
2024-08-26;03:00:00;196;G;2.5;G
2024-08-26;04:00:00;185;G;2.6;G
2024-08-26;05:00:00;189;G;2.8;G
2024-08-26;06:00:00;200;G;3.2;G
2024-08-26;07:00:00;204;G;2.9;G
2024-08-26;08:00:00;186;G;4.3;G
2024-08-26;09:00:00;187;G;3.7;G
2024-08-26;10:00:00;202;G;4.4;G
2024-08-26;11:00:00;194;G;4.2;G
2024-08-26;12:00:00;208;G;4.0;G
2024-08-26;13:00:00;208;G;4.7;G
2024-08-26;14:00:00;188;G;5.1;G
2024-08-26;15:00:00;195;G;3.9;G
2024-08-26;16:00:00;204;G;3.9;G
2024-08-26;17:00:00;212;G;3.0;G
2024-08-26;18:00:00;208;G;3.2;G
2024-08-26;19:00:00;226;G;3.4;G
2024-08-26;20:00:00;203;G;2.6;G
2024-08-26;21:00:00;203;G;2.3;G
2024-08-26;22:00:00;210;G;2.4;G
2024-08-26;23:00:00;200;G;2.3;G
2024-08-27;00:00:00;205;G;1.9;G
2024-08-27;01:00:00;197;G;2.3;G
2024-08-27;02:00:00;213;G;2.3;G
2024-08-27;03:00:00;192;G;1.7;G
2024-08-27;04:00:00;196;G;2.1;G
2024-08-27;05:00:00;209;G;2.4;G
2024-08-27;06:00:00;213;G;3.0;G
2024-08-27;07:00:00;220;G;3.1;G
2024-08-27;08:00:00;221;G;3.0;G
2024-08-27;09:00:00;235;G;3.7;G
2024-08-27;10:00:00;218;G;3.1;G
2024-08-27;11:00:00;217;G;3.0;G
2024-08-27;12:00:00;228;G;3.2;G
2024-08-27;13:00:00;222;G;4.4;G
2024-08-27;14:00:00;224;G;4.2;G
2024-08-27;15:00:00;230;G;3.3;G
2024-08-27;16:00:00;211;G;3.5;G
2024-08-27;17:00:00;215;G;3.3;G
2024-08-27;18:00:00;212;G;1.8;G
2024-08-27;19:00:00;215;G;1.5;G
2024-08-27;20:00:00;199;G;1.5;G
2024-08-27;21:00:00;181;G;1.5;G
2024-08-27;22:00:00;202;G;1.4;G
2024-08-27;23:00:00;189;G;1.6;G
2024-08-28;00:00:00;189;G;1.4;G
2024-08-28;01:00:00;186;G;1.5;G
2024-08-28;02:00:00;194;G;1.7;G
2024-08-28;03:00:00;186;G;1.5;G
2024-08-28;04:00:00;187;G;1.7;G
2024-08-28;05:00:00;184;G;2.1;G
2024-08-28;06:00:00;196;G;2.0;G
2024-08-28;07:00:00;199;G;2.1;G
2024-08-28;08:00:00;201;G;2.9;G
2024-08-28;09:00:00;203;G;4.6;G
2024-08-28;10:00:00;211;G;4.0;G
2024-08-28;11:00:00;216;G;3.1;G
2024-08-28;13:00:00;197;G;2.8;G
2024-08-28;14:00:00;215;G;4.3;G
2024-08-28;15:00:00;216;G;2.9;G
2024-08-28;16:00:00;218;G;2.8;G
2024-08-28;17:00:00;220;G;2.3;G
2024-08-28;18:00:00;176;G;2.0;G
2024-08-28;19:00:00;157;G;1.7;G
2024-08-28;20:00:00;173;G;2.1;G
2024-08-28;21:00:00;168;G;2.1;G
2024-08-28;22:00:00;161;G;1.8;G
2024-08-28;23:00:00;82;G;0.6;G
2024-08-29;00:00:00;83;G;0.5;G
2024-08-29;01:00:00;156;G;1.2;G
2024-08-29;03:00:00;162;G;1.9;G
2024-08-29;04:00:00;151;G;1.9;G
2024-08-29;05:00:00;144;G;0.7;G
2024-08-29;06:00:00;160;G;2.1;G
2024-08-29;07:00:00;134;G;1.5;G
2024-08-29;08:00:00;153;G;2.3;G
2024-08-29;10:00:00;147;G;4.3;G
2024-08-29;13:00:00;154;G;4.2;G
2024-08-29;14:00:00;131;G;3.4;G
2024-08-29;15:00:00;147;G;4.3;G
2024-08-29;16:00:00;125;G;2.8;G
2024-08-29;17:00:00;136;G;2.8;G
2024-08-29;18:00:00;104;G;3.2;G
2024-08-29;19:00:00;134;G;2.9;G
2024-08-29;20:00:00;120;G;1.8;G
2024-08-29;21:00:00;147;G;3.8;G
2024-08-29;22:00:00;133;G;2.5;G
2024-08-29;23:00:00;141;G;1.9;G
2024-08-30;00:00:00;135;G;2.7;G
2024-08-30;01:00:00;171;G;1.2;G
2024-08-30;02:00:00;162;G;2.5;G
2024-08-30;03:00:00;180;G;1.2;G
2024-08-30;04:00:00;181;G;2.1;G
2024-08-30;05:00:00;184;G;1.7;G
2024-08-30;06:00:00;212;G;2.3;G
2024-08-30;07:00:00;211;G;1.6;G
2024-08-30;08:00:00;208;G;1.6;G
2024-08-30;09:00:00;188;G;2.0;G
2024-08-30;10:00:00;189;G;2.5;G
2024-08-30;11:00:00;213;G;2.7;G
2024-08-30;12:00:00;211;G;2.6;G
2024-08-30;13:00:00;195;G;2.4;G
2024-08-30;14:00:00;212;G;2.3;G
2024-08-30;15:00:00;217;G;3.4;G
2024-08-30;16:00:00;210;G;3.6;G
2024-08-30;17:00:00;220;G;3.5;G
2024-08-30;18:00:00;221;G;2.9;G
2024-08-30;19:00:00;222;G;2.1;G
2024-08-30;20:00:00;218;G;1.8;G
2024-08-30;21:00:00;227;G;2.0;G
2024-08-30;22:00:00;214;G;1.9;G
2024-08-30;23:00:00;228;G;2.4;G
2024-08-31;00:00:00;216;G;1.9;G
2024-08-31;01:00:00;227;G;2.6;G
2024-08-31;02:00:00;222;G;2.4;G
2024-08-31;03:00:00;226;G;1.6;G
2024-08-31;04:00:00;230;G;2.0;G
2024-08-31;05:00:00;248;G;2.1;G
2024-08-31;06:00:00;265;G;2.2;G
2024-08-31;07:00:00;298;G;2.4;G
2024-08-31;08:00:00;300;G;2.5;G
2024-08-31;09:00:00;327;G;2.8;G
2024-08-31;10:00:00;306;G;2.4;G
2024-08-31;11:00:00;307;G;3.0;G
2024-08-31;12:00:00;299;G;3.0;G
2024-08-31;13:00:00;327;G;3.5;G
2024-08-31;14:00:00;318;G;2.3;G
2024-08-31;15:00:00;311;G;2.2;G
2024-08-31;16:00:00;290;G;1.1;G
2024-08-31;17:00:00;263;G;2.1;G
2024-08-31;18:00:00;274;G;1.5;G
2024-08-31;19:00:00;307;G;1.6;G
2024-08-31;20:00:00;295;G;0.9;G
2024-08-31;21:00:00;271;G;1.5;G
2024-08-31;22:00:00;288;G;1.5;G
2024-08-31;23:00:00;272;G;1.4;G
2024-09-01;00:00:00;272;G;1.5;G
2024-09-01;01:00:00;281;G;1.6;G
2024-09-01;02:00:00;290;G;1.7;G
2024-09-01;03:00:00;282;G;1.5;G
2024-09-01;04:00:00;287;G;1.6;G
2024-09-01;05:00:00;281;G;1.9;G
2024-09-01;06:00:00;283;G;1.9;G
2024-09-01;07:00:00;302;G;2.2;G
2024-09-01;08:00:00;325;G;1.9;G
2024-09-01;09:00:00;346;G;2.1;G
2024-09-01;10:00:00;288;G;1.9;G
2024-09-01;11:00:00;332;G;2.5;G
2024-09-01;12:00:00;310;G;2.0;G
2024-09-01;13:00:00;331;G;0.5;G
2024-09-01;14:00:00;45;G;1.5;G
2024-09-01;15:00:00;52;G;0.7;G
2024-09-01;16:00:00;325;G;0.1;G
2024-09-01;17:00:00;317;G;1.1;G
2024-09-01;18:00:00;267;G;0.7;G
2024-09-01;19:00:00;231;G;1.3;G
2024-09-01;20:00:00;236;G;1.8;G
2024-09-01;21:00:00;262;G;2.0;G
2024-09-01;22:00:00;281;G;1.3;G
2024-09-01;23:00:00;262;G;1.7;G
2024-09-02;00:00:00;266;G;1.9;G
2024-09-02;01:00:00;265;G;1.5;G
2024-09-02;02:00:00;269;G;1.5;G
2024-09-02;03:00:00;281;G;0.9;G
2024-09-02;04:00:00;292;G;1.5;G
2024-09-02;05:00:00;271;G;0.9;G
2024-09-02;06:00:00;253;G;1.1;G
2024-09-02;07:00:00;224;G;0.9;G
2024-09-02;08:00:00;220;G;1.5;G
2024-09-02;09:00:00;161;G;1.9;G
2024-09-02;10:00:00;210;G;1.5;G
2024-09-02;11:00:00;196;G;1.6;G
2024-09-02;12:00:00;169;G;3.2;G
2024-09-02;13:00:00;163;G;1.7;G
2024-09-02;14:00:00;185;G;1.9;G
2024-09-02;15:00:00;192;G;1.5;G
2024-09-02;16:00:00;156;G;2.1;G
2024-09-02;17:00:00;143;G;1.1;G
2024-09-02;18:00:00;152;G;1.8;G
2024-09-02;19:00:00;143;G;1.4;G
2024-09-02;20:00:00;152;G;1.8;G
2024-09-02;21:00:00;151;G;1.5;G
2024-09-02;22:00:00;143;G;1.2;G
2024-09-02;23:00:00;132;G;1.3;G
2024-09-03;00:00:00;123;G;1.4;G
2024-09-03;01:00:00;155;G;0.8;G
2024-09-03;02:00:00;147;G;1.4;G
2024-09-03;03:00:00;122;G;0.7;G
2024-09-03;04:00:00;133;G;1.2;G
2024-09-03;05:00:00;113;G;0.7;G
2024-09-03;06:00:00;150;G;1.9;G
2024-09-03;07:00:00;155;G;2.3;G
2024-09-03;08:00:00;156;G;3.0;G
2024-09-03;09:00:00;165;G;3.3;G
2024-09-03;10:00:00;155;G;2.2;G
2024-09-03;11:00:00;152;G;2.5;G
2024-09-03;12:00:00;137;G;2.3;G
2024-09-03;13:00:00;129;G;2.0;G
2024-09-03;14:00:00;125;G;2.6;G
2024-09-03;15:00:00;114;G;2.2;G
2024-09-03;16:00:00;129;G;2.2;G
2024-09-03;17:00:00;116;G;1.5;G
2024-09-03;18:00:00;111;G;1.5;G
2024-09-03;19:00:00;124;G;1.6;G
2024-09-03;20:00:00;125;G;1.3;G
2024-09-03;21:00:00;96;G;1.3;G
2024-09-03;22:00:00;83;G;0.9;G
2024-09-03;23:00:00;90;G;1.7;G
2024-09-04;00:00:00;75;G;1.4;G
2024-09-04;01:00:00;76;G;1.3;G
2024-09-04;02:00:00;69;G;0.3;G
2024-09-04;03:00:00;9;G;0.6;G
2024-09-04;04:00:00;73;G;1.3;G
2024-09-04;05:00:00;82;G;1.1;G
2024-09-04;06:00:00;92;G;0.8;G
2024-09-04;07:00:00;74;G;0.8;G
2024-09-04;08:00:00;75;G;1.7;G
2024-09-04;09:00:00;74;G;2.4;G
2024-09-04;10:00:00;84;G;2.5;G
2024-09-04;11:00:00;87;G;2.5;G
2024-09-04;12:00:00;81;G;2.4;G
2024-09-04;13:00:00;96;G;2.7;G
2024-09-04;14:00:00;91;G;2.4;G
2024-09-04;15:00:00;143;G;2.1;G
2024-09-04;16:00:00;127;G;1.7;G
2024-09-04;17:00:00;96;G;2.0;G
2024-09-04;18:00:00;96;G;1.7;G
2024-09-04;19:00:00;92;G;1.9;G
2024-09-04;20:00:00;89;G;1.3;G
2024-09-04;21:00:00;79;G;1.0;G
2024-09-04;22:00:00;73;G;1.5;G
2024-09-04;23:00:00;73;G;1.5;G
2024-09-05;00:00:00;72;G;0.4;G
2024-09-05;01:00:00;60;G;0.5;G
2024-09-05;02:00:00;61;G;0.9;G
2024-09-05;03:00:00;62;G;0.2;G
2024-09-05;04:00:00;62;G;0.6;G
2024-09-05;05:00:00;62;G;0.3;G
2024-09-05;06:00:00;62;G;0.3;G
2024-09-05;07:00:00;62;G;1.0;G
2024-09-05;08:00:00;82;G;0.9;G
2024-09-05;09:00:00;94;G;0.3;G
2024-09-05;10:00:00;83;G;1.2;G
2024-09-05;11:00:00;94;G;2.1;G
2024-09-05;12:00:00;114;G;1.8;G
2024-09-05;13:00:00;86;G;2.6;G
2024-09-05;14:00:00;95;G;1.5;G
2024-09-05;15:00:00;90;G;1.9;G
2024-09-05;16:00:00;115;G;1.2;G
2024-09-05;17:00:00;88;G;1.3;G
2024-09-05;18:00:00;85;G;1.6;G
2024-09-05;19:00:00;55;G;1.0;G
2024-09-05;20:00:00;76;G;0.7;G
2024-09-05;21:00:00;76;G;0.6;G
2024-09-05;22:00:00;70;G;1.4;G
2024-09-05;23:00:00;66;G;0.2;G
2024-09-06;00:00:00;46;G;0.4;G
2024-09-06;01:00:00;76;G;0.8;G
2024-09-06;02:00:00;70;G;0.7;G
2024-09-06;03:00:00;0;G;0.0;G
2024-09-06;04:00:00;348;G;0.1;G
2024-09-06;05:00:00;0;G;0.0;G
2024-09-06;06:00:00;309;G;0.5;G
2024-09-06;08:00:00;311;G;0.1;G
2024-09-06;09:00:00;29;G;0.8;G
2024-09-06;10:00:00;74;G;1.3;G
2024-09-06;11:00:00;69;G;2.0;G
2024-09-06;12:00:00;129;G;2.3;G
2024-09-06;13:00:00;111;G;1.7;G
2024-09-06;14:00:00;119;G;2.2;G
2024-09-06;15:00:00;101;G;2.2;G
2024-09-06;16:00:00;104;G;2.2;G
2024-09-06;17:00:00;123;G;2.1;G
2024-09-06;18:00:00;100;G;1.4;G
2024-09-06;19:00:00;109;G;1.0;G
2024-09-06;20:00:00;114;G;1.6;G
2024-09-06;21:00:00;111;G;0.7;G
2024-09-06;22:00:00;134;G;0.6;G
2024-09-06;23:00:00;44;G;0.3;G
2024-09-07;00:00:00;0;G;0.0;G
2024-09-07;01:00:00;86;G;1.4;G
2024-09-07;02:00:00;87;G;1.3;G
2024-09-07;03:00:00;132;G;0.4;G
2024-09-07;04:00:00;118;G;0.1;G
2024-09-07;05:00:00;65;G;0.3;G
2024-09-07;06:00:00;85;G;0.3;G
2024-09-07;09:00:00;101;G;0.1;G
2024-09-07;10:00:00;101;G;0.5;G
2024-09-07;11:00:00;111;G;0.5;G
2024-09-07;12:00:00;116;G;1.2;G
2024-09-07;13:00:00;167;G;0.8;G
2024-09-07;14:00:00;160;G;1.1;G
2024-09-07;15:00:00;204;G;1.0;G
2024-09-07;16:00:00;154;G;0.6;G
2024-09-07;17:00:00;136;G;1.2;G
2024-09-07;18:00:00;123;G;1.1;G
2024-09-07;19:00:00;114;G;0.9;G
2024-09-07;20:00:00;108;G;0.6;G
2024-09-07;21:00:00;120;G;1.0;G
2024-09-07;22:00:00;91;G;1.0;G
2024-09-07;23:00:00;95;G;1.2;G
2024-09-08;00:00:00;102;G;1.0;G
2024-09-08;01:00:00;91;G;1.0;G
2024-09-08;02:00:00;92;G;1.0;G
2024-09-08;03:00:00;92;G;1.2;G
2024-09-08;04:00:00;91;G;1.5;G
2024-09-08;05:00:00;80;G;1.1;G
2024-09-08;06:00:00;90;G;1.9;G
2024-09-08;07:00:00;86;G;1.3;G
2024-09-08;08:00:00;90;G;1.8;G
2024-09-08;09:00:00;115;G;2.7;G
2024-09-08;10:00:00;105;G;2.8;G
2024-09-08;11:00:00;137;G;3.0;G
2024-09-08;12:00:00;130;G;3.3;G
2024-09-08;13:00:00;137;G;3.6;G
2024-09-08;14:00:00;133;G;2.5;G
2024-09-08;15:00:00;133;G;2.6;G
2024-09-08;16:00:00;124;G;2.1;G
2024-09-08;17:00:00;129;G;2.3;G
2024-09-08;18:00:00;99;G;1.6;G
2024-09-08;19:00:00;85;G;1.8;G
2024-09-08;20:00:00;111;G;1.2;G
2024-09-08;21:00:00;96;G;1.6;G
2024-09-08;22:00:00;90;G;1.4;G
2024-09-08;23:00:00;89;G;1.6;G
2024-09-09;00:00:00;87;G;1.8;G
2024-09-09;01:00:00;85;G;1.3;G
2024-09-09;02:00:00;86;G;1.4;G
2024-09-09;03:00:00;90;G;1.4;G
2024-09-09;04:00:00;86;G;2.1;G
2024-09-09;05:00:00;93;G;2.5;G
2024-09-09;06:00:00;86;G;2.2;G
2024-09-09;07:00:00;105;G;2.8;G
2024-09-09;08:00:00;113;G;2.9;G
2024-09-09;09:00:00;127;G;3.4;G
2024-09-09;10:00:00;127;G;3.9;G
2024-09-09;11:00:00;143;G;4.2;G
2024-09-09;12:00:00;125;G;4.2;G
2024-09-09;13:00:00;136;G;3.9;G
2024-09-09;14:00:00;130;G;4.8;G
2024-09-09;15:00:00;133;G;4.4;G
2024-09-09;16:00:00;130;G;3.6;G
2024-09-09;17:00:00;130;G;4.0;G
2024-09-09;18:00:00;141;G;3.6;G
2024-09-09;19:00:00;119;G;2.3;G
2024-09-09;20:00:00;127;G;2.5;G
2024-09-09;21:00:00;129;G;3.3;G
2024-09-09;22:00:00;159;G;6.6;G
2024-09-09;23:00:00;117;G;3.5;G
2024-09-10;00:00:00;110;G;3.3;G
2024-09-10;01:00:00;107;G;2.4;G
2024-09-10;02:00:00;123;G;3.3;G
2024-09-10;03:00:00;131;G;3.6;G
2024-09-10;04:00:00;151;G;4.5;G
2024-09-10;05:00:00;157;G;4.1;G
2024-09-10;06:00:00;191;G;3.2;G
2024-09-10;07:00:00;196;G;3.3;G
2024-09-10;08:00:00;197;G;2.2;G
2024-09-10;09:00:00;188;G;3.3;G
2024-09-10;10:00:00;186;G;2.7;G
2024-09-10;11:00:00;200;G;4.1;G
2024-09-10;12:00:00;209;G;2.9;G
2024-09-10;13:00:00;210;G;3.1;G
2024-09-10;14:00:00;198;G;3.3;G
2024-09-10;15:00:00;201;G;2.7;G
2024-09-10;16:00:00;181;G;2.3;G
2024-09-10;17:00:00;192;G;1.8;G
2024-09-10;18:00:00;190;G;1.4;G
2024-09-10;19:00:00;176;G;1.5;G
2024-09-10;20:00:00;136;G;1.3;G
2024-09-10;21:00:00;145;G;1.8;G
2024-09-10;22:00:00;153;G;2.2;G
2024-09-10;23:00:00;131;G;1.8;G
2024-09-11;00:00:00;144;G;2.5;G
2024-09-11;01:00:00;142;G;2.3;G
2024-09-11;02:00:00;150;G;2.6;G
2024-09-11;03:00:00;134;G;2.1;G
2024-09-11;04:00:00;145;G;2.5;G
2024-09-11;05:00:00;153;G;3.0;G
2024-09-11;06:00:00;162;G;2.5;G
2024-09-11;07:00:00;168;G;3.4;G
2024-09-11;08:00:00;214;G;2.2;G
2024-09-11;09:00:00;206;G;0.5;G
2024-09-11;10:00:00;120;G;0.4;G
2024-09-11;11:00:00;98;G;0.1;G
2024-09-11;12:00:00;279;G;0.6;G
2024-09-11;13:00:00;79;G;0.8;G
2024-09-11;14:00:00;146;G;4.5;G
2024-09-11;15:00:00;148;G;4.2;G
2024-09-11;16:00:00;245;G;2.3;G
2024-09-11;17:00:00;271;G;1.9;G
2024-09-11;18:00:00;260;G;0.9;G
2024-09-11;19:00:00;204;G;1.3;G
2024-09-11;20:00:00;218;G;1.7;G
2024-09-11;21:00:00;211;G;1.7;G
2024-09-11;22:00:00;190;G;1.8;G
2024-09-11;23:00:00;184;G;1.6;G
2024-09-12;00:00:00;177;G;1.6;G
2024-09-12;01:00:00;169;G;1.7;G
2024-09-12;03:00:00;157;G;2.1;G
2024-09-12;05:00:00;140;G;1.7;G
2024-09-12;06:00:00;152;G;2.4;G
2024-09-12;07:00:00;148;G;2.3;G
2024-09-12;08:00:00;178;G;2.1;G
2024-09-12;09:00:00;168;G;3.8;G
2024-09-12;10:00:00;180;G;3.6;G
2024-09-12;11:00:00;192;G;2.8;G
2024-09-12;12:00:00;170;G;3.4;G
2024-09-12;13:00:00;178;G;2.2;G
2024-09-12;14:00:00;166;G;2.7;G
2024-09-12;15:00:00;161;G;3.6;G
2024-09-12;16:00:00;161;G;2.4;G
2024-09-12;17:00:00;150;G;1.0;G
2024-09-12;18:00:00;144;G;1.1;G
2024-09-12;19:00:00;143;G;1.0;G
2024-09-12;20:00:00;151;G;1.5;G
2024-09-12;21:00:00;162;G;1.3;G
2024-09-12;23:00:00;162;G;0.2;G
2024-09-13;00:00:00;162;G;0.1;G
2024-09-13;01:00:00;0;G;0.0;G
2024-09-13;03:00:00;0;G;0.0;G
2024-09-13;04:00:00;0;G;0.0;G
2024-09-13;05:00:00;0;G;0.0;G
2024-09-13;07:00:00;162;G;0.2;G
2024-09-13;08:00:00;258;G;0.9;G
2024-09-13;10:00:00;296;G;0.8;G
2024-09-13;11:00:00;273;G;0.8;G
2024-09-13;12:00:00;299;G;1.0;G
2024-09-13;13:00:00;323;G;1.3;G
2024-09-13;14:00:00;293;G;1.4;G
2024-09-13;15:00:00;295;G;1.0;G
2024-09-13;16:00:00;327;G;1.5;G
2024-09-13;17:00:00;328;G;0.8;G
2024-09-13;18:00:00;62;G;0.9;G
2024-09-13;19:00:00;59;G;0.4;G
2024-09-13;20:00:00;59;G;0.2;G
2024-09-13;21:00:00;59;G;0.4;G
2024-09-13;22:00:00;59;G;0.1;G
2024-09-13;23:00:00;0;G;0.0;G
2024-09-14;00:00:00;297;G;0.5;G
2024-09-14;01:00:00;297;G;0.6;G
2024-09-14;02:00:00;281;G;0.8;G
2024-09-14;03:00:00;308;G;0.8;G
2024-09-14;04:00:00;298;G;1.0;G
2024-09-14;05:00:00;313;G;0.9;G
2024-09-14;06:00:00;298;G;1.2;G
2024-09-14;07:00:00;321;G;1.3;G
2024-09-14;08:00:00;323;G;2.2;G
2024-09-14;09:00:00;314;G;2.7;G
2024-09-14;10:00:00;339;G;2.3;G
2024-09-14;11:00:00;339;G;2.8;G
2024-09-14;12:00:00;351;G;2.6;G
2024-09-14;13:00:00;359;G;2.6;G
2024-09-14;14:00:00;351;G;3.2;G
2024-09-14;15:00:00;350;G;3.1;G
2024-09-14;16:00:00;357;G;2.4;G
2024-09-14;17:00:00;341;G;1.7;G
2024-09-14;18:00:00;322;G;1.9;G
2024-09-14;19:00:00;312;G;1.2;G
2024-09-14;20:00:00;294;G;0.8;G
2024-09-14;21:00:00;295;G;0.8;G
2024-09-14;22:00:00;306;G;0.9;G
2024-09-14;23:00:00;306;G;0.8;G
2024-09-15;00:00:00;295;G;0.9;G
2024-09-15;01:00:00;288;G;1.1;G
2024-09-15;02:00:00;282;G;0.9;G
2024-09-15;03:00:00;280;G;0.6;G
2024-09-15;04:00:00;276;G;0.5;G
2024-09-15;05:00:00;280;G;1.0;G
2024-09-15;06:00:00;280;G;0.3;G
2024-09-15;07:00:00;311;G;0.5;G
2024-09-15;08:00:00;307;G;0.7;G
2024-09-15;09:00:00;312;G;1.3;G
2024-09-15;10:00:00;337;G;0.4;G
2024-09-15;11:00:00;327;G;1.2;G
2024-09-15;12:00:00;22;G;0.9;G
2024-09-15;13:00:00;27;G;0.7;G
2024-09-15;14:00:00;149;G;0.9;G
2024-09-15;15:00:00;158;G;1.7;G
2024-09-15;16:00:00;175;G;0.5;G
2024-09-15;18:00:00;169;G;0.6;G
2024-09-15;19:00:00;81;G;1.3;G
2024-09-15;20:00:00;144;G;1.2;G
2024-09-15;21:00:00;117;G;0.6;G
2024-09-15;22:00:00;124;G;0.7;G
2024-09-15;23:00:00;98;G;0.4;G
2024-09-16;01:00:00;0;G;0.0;G
2024-09-16;02:00:00;112;G;0.8;G
2024-09-16;03:00:00;121;G;0.6;G
2024-09-16;04:00:00;146;G;0.7;G
2024-09-16;05:00:00;104;G;0.1;G
2024-09-16;06:00:00;0;G;0.0;G
2024-09-16;07:00:00;317;G;0.2;G
2024-09-16;08:00:00;85;G;0.7;G
2024-09-16;09:00:00;85;G;0.2;G
2024-09-16;10:00:00;79;G;0.2;G
2024-09-16;11:00:00;87;G;0.1;G
2024-09-16;12:00:00;86;G;0.6;G
2024-09-16;13:00:00;95;G;0.2;G
2024-09-16;14:00:00;95;G;0.3;G
2024-09-16;15:00:00;95;G;0.4;G
2024-09-16;16:00:00;93;G;0.3;G
2024-09-16;17:00:00;93;G;0.2;G
2024-09-16;18:00:00;0;G;0.0;G
2024-09-16;19:00:00;0;G;0.0;G
2024-09-16;20:00:00;93;G;0.1;G
2024-09-16;21:00:00;93;G;0.1;G
2024-09-16;22:00:00;0;G;0.0;G
2024-09-16;23:00:00;93;G;0.4;G
2024-09-17;00:00:00;0;G;0.0;G
2024-09-17;01:00:00;213;G;0.1;G
2024-09-17;02:00:00;213;G;0.4;G
2024-09-17;03:00:00;244;G;0.8;G
2024-09-17;05:00:00;274;G;0.7;G
2024-09-17;06:00:00;279;G;0.4;G
2024-09-17;07:00:00;254;G;0.6;G
2024-09-17;08:00:00;263;G;0.6;G
2024-09-17;09:00:00;263;G;0.2;G
2024-09-17;10:00:00;228;G;0.7;G
2024-09-17;11:00:00;235;G;0.8;G
2024-09-17;12:00:00;258;G;1.2;G
2024-09-17;13:00:00;217;G;1.2;G
2024-09-17;14:00:00;269;G;1.2;G
2024-09-17;15:00:00;270;G;1.4;G
2024-09-17;16:00:00;298;G;0.9;G
2024-09-17;17:00:00;307;G;0.5;G
2024-09-17;18:00:00;245;G;0.4;G
2024-09-17;19:00:00;245;G;0.3;G
2024-09-17;20:00:00;0;G;0.0;G
2024-09-17;21:00:00;244;G;0.1;G
2024-09-17;22:00:00;311;G;0.2;G
2024-09-17;23:00:00;235;G;0.1;G
2024-09-18;00:00:00;0;G;0.0;G
2024-09-18;02:00:00;317;G;0.5;G
2024-09-18;03:00:00;0;G;0.0;G
2024-09-18;04:00:00;0;G;0.0;G
2024-09-18;05:00:00;0;G;0.0;G
2024-09-18;06:00:00;333;G;0.3;G
2024-09-18;07:00:00;333;G;0.1;G
2024-09-18;09:00:00;333;G;1.0;G
2024-09-18;10:00:00;332;G;0.2;G
2024-09-18;11:00:00;254;G;0.4;G
2024-09-18;12:00:00;270;G;0.2;G
2024-09-18;13:00:00;5;G;0.9;G
2024-09-18;14:00:00;336;G;0.8;G
2024-09-18;15:00:00;320;G;0.6;G
2024-09-18;16:00:00;321;G;0.2;G
2024-09-18;17:00:00;0;G;0.0;G
2024-09-18;18:00:00;0;G;0.0;G
2024-09-18;19:00:00;0;G;0.0;G
2024-09-19;01:00:00;0;G;0.0;G
2024-09-19;03:00:00;271;G;0.4;G
2024-09-19;04:00:00;0;G;0.0;G
2024-09-19;05:00:00;0;G;0.0;G
2024-09-19;06:00:00;0;G;0.0;G
2024-09-19;07:00:00;240;G;0.2;G
2024-09-19;08:00:00;240;G;0.5;G
2024-09-19;09:00:00;204;G;1.0;G
2024-09-19;10:00:00;217;G;1.3;G
2024-09-19;11:00:00;176;G;1.5;G
2024-09-19;12:00:00;232;G;0.8;G
2024-09-19;13:00:00;163;G;1.7;G
2024-09-19;14:00:00;184;G;1.9;G
2024-09-19;15:00:00;186;G;1.9;G
2024-09-19;16:00:00;173;G;1.1;G
2024-09-19;17:00:00;193;G;1.1;G
2024-09-19;18:00:00;184;G;1.3;G
2024-09-19;19:00:00;200;G;1.6;G
2024-09-19;20:00:00;202;G;1.2;G
2024-09-19;21:00:00;189;G;1.1;G
2024-09-19;22:00:00;199;G;1.3;G
2024-09-19;23:00:00;205;G;1.4;G
2024-09-20;00:00:00;209;G;1.9;G
2024-09-20;01:00:00;210;G;1.6;G
2024-09-20;02:00:00;222;G;1.8;G
2024-09-20;03:00:00;206;G;1.3;G
2024-09-20;04:00:00;210;G;1.7;G
2024-09-20;05:00:00;211;G;1.5;G
2024-09-20;06:00:00;211;G;1.6;G
2024-09-20;07:00:00;227;G;2.2;G
2024-09-20;08:00:00;238;G;1.0;G
2024-09-20;09:00:00;218;G;1.1;G
2024-09-20;10:00:00;209;G;2.4;G
2024-09-20;11:00:00;239;G;1.8;G
2024-09-20;12:00:00;212;G;1.5;G
2024-09-20;13:00:00;234;G;2.2;G
2024-09-20;14:00:00;262;G;2.1;G
2024-09-20;15:00:00;250;G;1.1;G
2024-09-20;16:00:00;196;G;1.5;G
2024-09-20;17:00:00;204;G;1.5;G
2024-09-20;18:00:00;210;G;1.7;G
2024-09-20;19:00:00;217;G;1.9;G
2024-09-20;20:00:00;221;G;1.5;G
2024-09-20;21:00:00;243;G;0.8;G
2024-09-20;22:00:00;231;G;1.3;G
2024-09-20;23:00:00;233;G;1.1;G
2024-09-21;00:00:00;237;G;0.8;G
2024-09-21;01:00:00;236;G;0.9;G
2024-09-21;02:00:00;237;G;0.8;G
2024-09-21;03:00:00;247;G;0.8;G
2024-09-21;04:00:00;259;G;0.4;G
2024-09-21;05:00:00;306;G;0.5;G
2024-09-21;06:00:00;344;G;1.0;G
2024-09-21;07:00:00;328;G;1.3;G
2024-09-21;08:00:00;338;G;1.5;G
2024-09-21;09:00:00;5;G;2.2;G
2024-09-21;10:00:00;348;G;2.3;G
2024-09-21;11:00:00;348;G;2.1;G
2024-09-21;12:00:00;344;G;2.2;G
2024-09-21;13:00:00;3;G;2.0;G
2024-09-21;14:00:00;6;G;2.8;G
2024-09-21;15:00:00;26;G;0.8;G
2024-09-21;16:00:00;22;G;1.0;G
2024-09-21;17:00:00;28;G;1.4;G
2024-09-21;18:00:00;46;G;0.5;G
2024-09-21;19:00:00;28;G;0.6;G
2024-09-21;20:00:00;351;G;0.5;G
2024-09-21;21:00:00;317;G;0.1;G
2024-09-21;23:00:00;291;G;0.1;G
2024-09-22;00:00:00;298;G;0.1;G
2024-09-22;01:00:00;305;G;0.1;G
2024-09-22;02:00:00;305;G;0.3;G
2024-09-22;03:00:00;305;G;0.3;G
2024-09-22;04:00:00;310;G;0.3;G
2024-09-22;05:00:00;64;G;0.1;G
2024-09-22;06:00:00;66;G;1.0;G
2024-09-22;07:00:00;68;G;1.4;G
2024-09-22;08:00:00;74;G;0.9;G
2024-09-22;09:00:00;79;G;1.9;G
2024-09-22;10:00:00;125;G;1.4;G
2024-09-22;11:00:00;133;G;1.1;G
2024-09-22;12:00:00;163;G;2.4;G
2024-09-22;13:00:00;165;G;1.8;G
2024-09-22;14:00:00;166;G;1.8;G
2024-09-22;15:00:00;166;G;1.7;G
2024-09-22;16:00:00;159;G;2.1;G
2024-09-22;17:00:00;145;G;1.3;G
2024-09-22;18:00:00;116;G;0.8;G
2024-09-22;19:00:00;128;G;1.0;G
2024-09-22;20:00:00;153;G;1.3;G
2024-09-22;21:00:00;155;G;0.9;G
2024-09-22;22:00:00;157;G;1.2;G
2024-09-22;23:00:00;157;G;0.8;G
2024-09-23;00:00:00;180;G;1.0;G
2024-09-23;01:00:00;177;G;0.8;G
2024-09-23;02:00:00;173;G;1.9;G
2024-09-23;03:00:00;155;G;0.1;G
2024-09-23;04:00:00;85;G;0.9;G
2024-09-23;05:00:00;83;G;1.0;G
2024-09-23;06:00:00;159;G;1.5;G
2024-09-23;07:00:00;155;G;1.9;G
2024-09-23;08:00:00;179;G;1.6;G
2024-09-23;09:00:00;168;G;2.4;G
2024-09-23;10:00:00;155;G;3.8;G
2024-09-23;11:00:00;193;G;2.6;G
2024-09-23;12:00:00;159;G;2.2;G
2024-09-23;13:00:00;178;G;2.6;G
2024-09-23;14:00:00;166;G;2.9;G
2024-09-23;15:00:00;158;G;2.0;G
2024-09-23;16:00:00;175;G;1.9;G
2024-09-23;17:00:00;161;G;1.3;G
2024-09-23;18:00:00;154;G;1.5;G
2024-09-23;19:00:00;143;G;1.9;G
2024-09-23;20:00:00;148;G;2.3;G
2024-09-23;21:00:00;149;G;2.2;G
2024-09-23;22:00:00;150;G;1.9;G
2024-09-23;23:00:00;134;G;0.8;G
2024-09-24;00:00:00;172;G;1.5;G
2024-09-24;01:00:00;157;G;1.4;G
2024-09-24;02:00:00;167;G;1.6;G
2024-09-24;03:00:00;145;G;1.3;G
2024-09-24;04:00:00;150;G;1.2;G
2024-09-24;05:00:00;153;G;1.2;G
2024-09-24;06:00:00;152;G;1.4;G
2024-09-24;07:00:00;155;G;2.2;G
2024-09-24;08:00:00;153;G;2.5;G
2024-09-24;09:00:00;160;G;2.6;G
2024-09-24;10:00:00;147;G;1.6;G
2024-09-24;11:00:00;155;G;2.0;G
2024-09-24;12:00:00;170;G;2.4;G
2024-09-24;13:00:00;165;G;2.3;G
2024-09-24;14:00:00;163;G;2.5;G
2024-09-24;15:00:00;159;G;2.3;G
2024-09-24;16:00:00;138;G;1.6;G
2024-09-24;17:00:00;130;G;2.0;G
2024-09-24;18:00:00;127;G;1.8;G
2024-09-24;19:00:00;134;G;1.6;G
2024-09-24;20:00:00;124;G;1.2;G
2024-09-24;21:00:00;136;G;1.7;G
2024-09-24;22:00:00;122;G;1.2;G
2024-09-24;23:00:00;85;G;1.4;G
2024-09-25;00:00:00;88;G;2.3;G
2024-09-25;01:00:00;87;G;1.3;G
2024-09-25;02:00:00;69;G;1.4;G
2024-09-25;03:00:00;72;G;1.8;G
2024-09-25;04:00:00;79;G;0.6;G
2024-09-25;05:00:00;83;G;1.1;G
2024-09-25;06:00:00;158;G;4.2;G
2024-09-25;07:00:00;216;G;3.7;G
2024-09-25;08:00:00;189;G;3.2;G
2024-09-25;09:00:00;182;G;3.5;G
2024-09-25;10:00:00;175;G;4.2;G
2024-09-25;11:00:00;173;G;4.8;G
2024-09-25;12:00:00;177;G;4.2;G
2024-09-25;13:00:00;196;G;4.2;G
2024-09-25;14:00:00;204;G;2.8;G
2024-09-25;15:00:00;193;G;4.2;G
2024-09-25;16:00:00;187;G;3.8;G
2024-09-25;17:00:00;193;G;2.9;G
2024-09-25;18:00:00;194;G;3.7;G
2024-09-25;19:00:00;198;G;2.7;G
2024-09-25;20:00:00;195;G;3.7;G
2024-09-25;21:00:00;197;G;3.8;G
2024-09-25;22:00:00;194;G;3.7;G
2024-09-25;23:00:00;190;G;3.2;G
2024-09-26;00:00:00;197;G;3.4;G
2024-09-26;01:00:00;188;G;2.9;G
2024-09-26;02:00:00;186;G;3.2;G
2024-09-26;03:00:00;187;G;3.0;G
2024-09-26;04:00:00;193;G;2.1;G
2024-09-26;05:00:00;190;G;1.9;G
2024-09-26;06:00:00;194;G;2.3;G
2024-09-26;07:00:00;203;G;2.3;G
2024-09-26;08:00:00;205;G;2.4;G
2024-09-26;09:00:00;187;G;2.2;G
2024-09-26;10:00:00;191;G;2.9;G
2024-09-26;11:00:00;184;G;3.0;G
2024-09-26;12:00:00;186;G;2.8;G
2024-09-26;13:00:00;164;G;2.7;G
2024-09-26;14:00:00;155;G;1.5;G
2024-09-26;15:00:00;117;G;1.3;G
2024-09-26;16:00:00;92;G;0.8;G
2024-09-26;17:00:00;96;G;1.1;G
2024-09-26;18:00:00;76;G;1.5;G
2024-09-26;19:00:00;41;G;1.1;G
2024-09-26;20:00:00;79;G;1.3;G
2024-09-26;21:00:00;77;G;0.5;G
2024-09-26;22:00:00;47;G;1.2;G
2024-09-26;23:00:00;53;G;1.6;G
2024-09-27;00:00:00;45;G;1.2;G
2024-09-27;01:00:00;27;G;0.8;G
2024-09-27;02:00:00;20;G;1.2;G
2024-09-27;03:00:00;331;G;0.9;G
2024-09-27;04:00:00;337;G;2.0;G
2024-09-27;05:00:00;330;G;2.6;G
2024-09-27;06:00:00;320;G;3.1;G
2024-09-27;07:00:00;333;G;3.3;G
2024-09-27;08:00:00;333;G;3.0;G
2024-09-27;09:00:00;358;G;2.6;G
2024-09-27;10:00:00;1;G;2.9;G
2024-09-27;11:00:00;360;G;2.3;G
2024-09-27;12:00:00;350;G;2.5;G
2024-09-27;13:00:00;324;G;2.2;G
2024-09-27;14:00:00;340;G;3.0;G
2024-09-27;15:00:00;330;G;2.7;G
2024-09-27;16:00:00;325;G;2.9;G
2024-09-27;17:00:00;315;G;2.5;G
2024-09-27;18:00:00;314;G;2.6;G
2024-09-27;19:00:00;311;G;2.0;G
2024-09-27;20:00:00;303;G;2.1;G
2024-09-27;21:00:00;296;G;1.8;G
2024-09-27;22:00:00;275;G;1.3;G
2024-09-27;23:00:00;260;G;0.7;G
2024-09-28;00:00:00;230;G;0.9;G
2024-09-28;01:00:00;235;G;1.1;G
2024-09-28;02:00:00;232;G;1.0;G
2024-09-28;03:00:00;257;G;0.9;G
2024-09-28;04:00:00;265;G;1.1;G
2024-09-28;05:00:00;257;G;0.7;G
2024-09-28;06:00:00;269;G;1.4;G
2024-09-28;07:00:00;275;G;1.1;G
2024-09-28;08:00:00;298;G;1.0;G
2024-09-28;09:00:00;279;G;0.2;G
2024-09-28;10:00:00;251;G;0.9;G
2024-09-28;11:00:00;274;G;1.1;G
2024-09-28;12:00:00;267;G;2.1;G
2024-09-28;13:00:00;283;G;1.1;G
2024-09-28;14:00:00;259;G;1.6;G
2024-09-28;15:00:00;228;G;1.9;G
2024-09-28;16:00:00;237;G;1.4;G
2024-09-28;17:00:00;211;G;1.4;G
2024-09-28;18:00:00;241;G;1.6;G
2024-09-28;19:00:00;256;G;1.7;G
2024-09-28;20:00:00;231;G;1.9;G
2024-09-28;21:00:00;232;G;2.1;G
2024-09-28;22:00:00;230;G;1.8;G
2024-09-28;23:00:00;234;G;1.9;G
2024-09-29;00:00:00;240;G;1.8;G
2024-09-29;01:00:00;235;G;1.5;G
2024-09-29;02:00:00;257;G;1.6;G
2024-09-29;03:00:00;245;G;1.5;G
2024-09-29;04:00:00;252;G;1.0;G
2024-09-29;05:00:00;260;G;1.2;G
2024-09-29;06:00:00;260;G;1.2;G
2024-09-29;07:00:00;265;G;2.0;G
2024-09-29;08:00:00;267;G;2.2;G
2024-09-29;09:00:00;273;G;2.3;G
2024-09-29;10:00:00;258;G;2.3;G
2024-09-29;11:00:00;253;G;1.9;G
2024-09-29;12:00:00;254;G;2.6;G
2024-09-29;13:00:00;233;G;3.2;G
2024-09-29;14:00:00;244;G;2.6;G
2024-09-29;15:00:00;259;G;1.9;G
2024-09-29;16:00:00;237;G;2.1;G
2024-09-29;17:00:00;222;G;1.6;G
2024-09-29;18:00:00;219;G;1.8;G
2024-09-29;19:00:00;228;G;1.9;G
2024-09-29;20:00:00;216;G;1.8;G
2024-09-29;21:00:00;226;G;1.3;G
2024-09-29;22:00:00;227;G;1.9;G
2024-09-29;23:00:00;228;G;0.4;G
2024-09-30;00:00:00;191;G;0.9;G
2024-09-30;01:00:00;209;G;1.1;G
2024-09-30;02:00:00;239;G;1.3;G
2024-09-30;03:00:00;167;G;0.2;G
2024-09-30;04:00:00;98;G;0.8;G
2024-09-30;05:00:00;71;G;0.8;G
2024-09-30;06:00:00;66;G;0.2;G
2024-09-30;07:00:00;76;G;0.8;G
2024-09-30;08:00:00;71;G;1.1;G
2024-09-30;09:00:00;127;G;1.0;G
2024-09-30;10:00:00;173;G;2.8;G
2024-09-30;11:00:00;167;G;2.8;G
2024-09-30;12:00:00;186;G;2.1;G
2024-09-30;13:00:00;204;G;1.8;G
2024-09-30;14:00:00;169;G;2.4;G
2024-09-30;15:00:00;164;G;2.4;G
2024-09-30;16:00:00;133;G;1.5;G
2024-09-30;17:00:00;136;G;1.2;G
2024-09-30;18:00:00;155;G;1.3;G
2024-09-30;19:00:00;154;G;1.7;G
2024-09-30;20:00:00;150;G;1.5;G
2024-09-30;21:00:00;153;G;1.8;G
2024-09-30;22:00:00;152;G;1.0;G
2024-09-30;23:00:00;151;G;1.2;G
2024-10-01;00:00:00;155;G;0.7;G
2024-10-01;01:00:00;94;G;0.8;G
2024-10-01;03:00:00;64;G;0.1;G
2024-10-01;04:00:00;84;G;0.1;G
2024-10-01;05:00:00;78;G;0.8;G
2024-10-01;06:00:00;70;G;1.5;G
2024-10-01;07:00:00;88;G;1.4;G
2024-10-01;08:00:00;81;G;0.8;G
2024-10-01;09:00:00;82;G;0.7;G
2024-10-01;10:00:00;87;G;1.1;G
2024-10-01;11:00:00;95;G;1.1;G
2024-10-01;12:00:00;84;G;0.2;G
2024-10-01;13:00:00;142;G;1.6;G
2024-10-01;14:00:00;93;G;1.4;G
2024-10-01;15:00:00;114;G;1.1;G
2024-10-01;16:00:00;96;G;0.3;G
2024-10-01;17:00:00;70;G;0.9;G
2024-10-01;18:00:00;92;G;1.0;G
2024-10-01;19:00:00;97;G;0.6;G
2024-10-01;20:00:00;0;G;0.0;G
2024-10-01;21:00:00;303;G;0.8;G
2024-10-01;22:00:00;289;G;0.8;G
2024-10-01;23:00:00;280;G;0.6;G
2024-10-02;00:00:00;295;G;0.7;G
2024-10-02;01:00:00;290;G;0.9;G
2024-10-02;02:00:00;312;G;1.2;G
2024-10-02;03:00:00;310;G;1.1;G
2024-10-02;04:00:00;309;G;0.9;G
2024-10-02;05:00:00;310;G;1.2;G
2024-10-02;06:00:00;333;G;2.2;G
2024-10-02;07:00:00;338;G;1.8;G
2024-10-02;08:00:00;334;G;2.1;G
2024-10-02;09:00:00;345;G;1.7;G
2024-10-02;10:00:00;349;G;1.8;G
2024-10-02;11:00:00;5;G;2.1;G
2024-10-02;12:00:00;45;G;1.3;G
2024-10-02;13:00:00;339;G;2.2;G
2024-10-02;14:00:00;2;G;2.1;G
2024-10-02;15:00:00;350;G;1.6;G
2024-10-02;16:00:00;347;G;1.4;G
2024-10-02;17:00:00;323;G;1.8;G
2024-10-02;18:00:00;326;G;2.0;G
2024-10-02;19:00:00;326;G;2.5;G
2024-10-02;20:00:00;333;G;2.2;G
2024-10-02;21:00:00;330;G;2.1;G
2024-10-02;22:00:00;325;G;1.9;G
2024-10-02;23:00:00;325;G;2.3;G
2024-10-03;00:00:00;320;G;2.0;G
2024-10-03;01:00:00;308;G;1.8;G
2024-10-03;02:00:00;282;G;0.4;G
2024-10-03;03:00:00;282;G;0.5;G
2024-10-03;04:00:00;300;G;0.3;G
2024-10-03;05:00:00;259;G;0.6;G
2024-10-03;06:00:00;279;G;1.0;G
2024-10-03;07:00:00;316;G;1.5;G
2024-10-03;08:00:00;313;G;1.7;G
2024-10-03;09:00:00;325;G;2.0;G
2024-10-03;10:00:00;9;G;2.0;G
2024-10-03;11:00:00;328;G;1.5;G
2024-10-03;12:00:00;335;G;1.0;G
2024-10-03;13:00:00;321;G;0.3;G
2024-10-03;14:00:00;345;G;0.4;G
2024-10-03;15:00:00;325;G;1.0;G
2024-10-03;16:00:00;324;G;0.8;G
2024-10-03;17:00:00;315;G;0.1;G
2024-10-03;18:00:00;222;G;0.2;G
2024-10-03;19:00:00;278;G;0.1;G
2024-10-03;20:00:00;219;G;0.2;G
2024-10-03;21:00:00;245;G;0.5;G
2024-10-03;22:00:00;252;G;0.4;G
2024-10-03;23:00:00;221;G;0.4;G
2024-10-04;00:00:00;242;G;0.1;G
2024-10-04;01:00:00;234;G;0.4;G
2024-10-04;02:00:00;264;G;0.8;G
2024-10-04;03:00:00;261;G;0.2;G
2024-10-04;04:00:00;249;G;0.1;G
2024-10-04;06:00:00;0;G;0.0;G
2024-10-04;07:00:00;263;G;0.5;G
2024-10-04;08:00:00;267;G;0.6;G
2024-10-04;09:00:00;230;G;1.1;G
2024-10-04;10:00:00;248;G;1.5;G
2024-10-04;11:00:00;247;G;2.1;G
2024-10-04;12:00:00;264;G;2.1;G
2024-10-04;13:00:00;306;G;1.4;G
2024-10-04;14:00:00;253;G;1.7;G
2024-10-04;15:00:00;267;G;0.7;G
2024-10-04;16:00:00;251;G;0.6;G
2024-10-04;17:00:00;205;G;1.1;G
2024-10-04;18:00:00;211;G;1.7;G
2024-10-04;19:00:00;217;G;1.5;G
2024-10-04;20:00:00;229;G;1.4;G
2024-10-04;21:00:00;237;G;1.3;G
2024-10-04;22:00:00;224;G;1.8;G
2024-10-04;23:00:00;230;G;1.2;G
2024-10-05;00:00:00;221;G;0.6;G
2024-10-05;02:00:00;224;G;1.7;G
2024-10-05;03:00:00;209;G;1.2;G
2024-10-05;04:00:00;240;G;0.9;G
2024-10-05;05:00:00;220;G;1.1;G
2024-10-05;06:00:00;219;G;1.1;G
2024-10-05;07:00:00;214;G;1.2;G
2024-10-05;08:00:00;196;G;1.1;G
2024-10-05;09:00:00;195;G;1.8;G
2024-10-05;10:00:00;204;G;2.3;G
2024-10-05;11:00:00;187;G;0.7;G
2024-10-05;12:00:00;212;G;1.6;G
2024-10-05;13:00:00;196;G;1.7;G
2024-10-05;14:00:00;200;G;2.4;G
2024-10-05;15:00:00;211;G;1.4;G
2024-10-05;16:00:00;190;G;1.2;G
2024-10-05;17:00:00;194;G;1.4;G
2024-10-05;18:00:00;189;G;1.5;G
2024-10-05;19:00:00;179;G;1.5;G
2024-10-05;20:00:00;188;G;1.9;G
2024-10-05;21:00:00;183;G;1.9;G
2024-10-05;22:00:00;187;G;2.0;G
2024-10-05;23:00:00;202;G;2.0;G
2024-10-06;00:00:00;202;G;2.2;G
2024-10-06;01:00:00;206;G;2.1;G
2024-10-06;02:00:00;199;G;2.2;G
2024-10-06;03:00:00;207;G;2.0;G
2024-10-06;04:00:00;198;G;2.2;G
2024-10-06;05:00:00;214;G;2.0;G
2024-10-06;06:00:00;203;G;2.6;G
2024-10-06;07:00:00;203;G;2.9;G
2024-10-06;08:00:00;208;G;3.0;G
2024-10-06;09:00:00;210;G;3.5;G
2024-10-06;10:00:00;214;G;3.7;G
2024-10-06;11:00:00;207;G;3.9;G
2024-10-06;12:00:00;207;G;4.0;G
2024-10-06;13:00:00;219;G;4.2;G
2024-10-06;14:00:00;218;G;2.7;G
2024-10-06;15:00:00;217;G;2.6;G
2024-10-06;16:00:00;209;G;2.8;G
2024-10-06;17:00:00;209;G;2.0;G
2024-10-06;18:00:00;203;G;2.1;G
2024-10-06;19:00:00;202;G;2.0;G
2024-10-06;20:00:00;213;G;2.2;G
2024-10-06;21:00:00;213;G;2.0;G
2024-10-06;22:00:00;209;G;2.3;G
2024-10-06;23:00:00;216;G;1.9;G
2024-10-07;00:00:00;227;G;1.5;G
2024-10-07;01:00:00;222;G;1.3;G
2024-10-07;02:00:00;234;G;1.1;G
2024-10-07;03:00:00;209;G;0.3;G
2024-10-07;04:00:00;204;G;0.9;G
2024-10-07;05:00:00;216;G;0.8;G
2024-10-07;06:00:00;261;G;1.0;G
2024-10-07;07:00:00;245;G;1.2;G
2024-10-07;08:00:00;265;G;0.1;G
2024-10-07;09:00:00;269;G;0.4;G
2024-10-07;10:00:00;311;G;0.5;G
2024-10-07;11:00:00;38;G;1.0;G
2024-10-07;12:00:00;58;G;0.4;G
2024-10-07;13:00:00;7;G;0.4;G
2024-10-07;14:00:00;222;G;0.9;G
2024-10-07;15:00:00;200;G;0.7;G
2024-10-07;16:00:00;130;G;0.2;G
2024-10-07;17:00:00;120;G;0.2;G
2024-10-07;18:00:00;107;G;0.9;G
2024-10-07;19:00:00;100;G;0.7;G
2024-10-07;20:00:00;92;G;0.8;G
2024-10-07;21:00:00;102;G;0.9;G
2024-10-07;22:00:00;93;G;1.1;G
2024-10-07;23:00:00;75;G;0.7;G
2024-10-08;00:00:00;98;G;0.6;G
2024-10-08;01:00:00;110;G;0.7;G
2024-10-08;02:00:00;76;G;0.4;G
2024-10-08;03:00:00;88;G;1.0;G
2024-10-08;04:00:00;70;G;1.1;G
2024-10-08;05:00:00;87;G;0.8;G
2024-10-08;06:00:00;60;G;0.9;G
2024-10-08;07:00:00;89;G;1.3;G
2024-10-08;08:00:00;90;G;1.8;G
2024-10-08;09:00:00;99;G;1.6;G
2024-10-08;10:00:00;137;G;2.5;G
2024-10-08;11:00:00;160;G;2.5;G
2024-10-08;12:00:00;159;G;2.9;G
2024-10-08;13:00:00;150;G;2.2;G
2024-10-08;14:00:00;136;G;2.3;G
2024-10-08;15:00:00;131;G;2.2;G
2024-10-08;16:00:00;123;G;1.5;G
2024-10-08;17:00:00;85;G;2.0;G
2024-10-08;18:00:00;89;G;2.5;G
2024-10-08;19:00:00;89;G;2.1;G
2024-10-08;20:00:00;82;G;2.1;G
2024-10-08;21:00:00;83;G;2.0;G
2024-10-08;22:00:00;109;G;1.9;G
2024-10-08;23:00:00;121;G;2.2;G
2024-10-09;00:00:00;101;G;1.9;G
2024-10-09;01:00:00;94;G;2.7;G
2024-10-09;02:00:00;101;G;1.8;G
2024-10-09;03:00:00;97;G;1.4;G
2024-10-09;04:00:00;89;G;1.9;G
2024-10-09;05:00:00;77;G;1.9;G
2024-10-09;06:00:00;76;G;1.8;G
2024-10-09;07:00:00;80;G;1.7;G
2024-10-09;08:00:00;86;G;1.9;G
2024-10-09;09:00:00;82;G;1.4;G
2024-10-09;10:00:00;114;G;1.1;G
2024-10-09;11:00:00;131;G;1.1;G
2024-10-09;12:00:00;171;G;0.9;G
2024-10-09;13:00:00;226;G;1.0;G
2024-10-09;14:00:00;248;G;1.7;G
2024-10-09;15:00:00;246;G;1.3;G
2024-10-09;16:00:00;232;G;1.5;G
2024-10-09;17:00:00;223;G;1.5;G
2024-10-09;18:00:00;219;G;2.7;G
2024-10-09;19:00:00;206;G;2.4;G
2024-10-09;20:00:00;211;G;2.2;G
2024-10-09;21:00:00;193;G;2.5;G
2024-10-09;22:00:00;199;G;2.0;G
2024-10-09;23:00:00;176;G;1.6;G
2024-10-10;00:00:00;167;G;1.4;G
2024-10-10;01:00:00;148;G;1.9;G
2024-10-10;03:00:00;153;G;1.8;G
2024-10-10;05:00:00;155;G;1.3;G
2024-10-10;06:00:00;135;G;1.2;G
2024-10-10;07:00:00;127;G;1.3;G
2024-10-10;08:00:00;139;G;1.3;G
2024-10-10;09:00:00;80;G;1.3;G
2024-10-10;11:00:00;132;G;2.7;G
2024-10-10;12:00:00;129;G;3.5;G
2024-10-10;13:00:00;92;G;2.3;G
2024-10-10;14:00:00;91;G;2.4;G
2024-10-10;15:00:00;97;G;1.9;G
2024-10-10;16:00:00;99;G;1.3;G
2024-10-10;17:00:00;150;G;2.6;G
2024-10-10;18:00:00;173;G;2.6;G
2024-10-10;19:00:00;178;G;2.4;G
2024-10-10;20:00:00;195;G;2.2;G
2024-10-10;21:00:00;204;G;1.6;G
2024-10-10;22:00:00;259;G;3.4;G
2024-10-10;23:00:00;266;G;3.3;G
2024-10-11;00:00:00;264;G;3.6;G
2024-10-11;01:00:00;250;G;2.4;G
2024-10-11;02:00:00;264;G;2.1;G
2024-10-11;03:00:00;264;G;0.9;G
2024-10-11;04:00:00;267;G;0.4;G
2024-10-11;05:00:00;294;G;1.2;G
2024-10-11;06:00:00;296;G;1.8;G
2024-10-11;07:00:00;294;G;1.3;G
2024-10-11;08:00:00;279;G;1.7;G
2024-10-11;09:00:00;269;G;2.0;G
2024-10-11;10:00:00;261;G;2.5;G
2024-10-11;11:00:00;283;G;1.4;G
2024-10-11;12:00:00;263;G;2.2;G
2024-10-11;13:00:00;254;G;2.0;G
2024-10-11;14:00:00;239;G;2.3;G
2024-10-11;15:00:00;257;G;1.8;G
2024-10-11;16:00:00;249;G;0.5;G
2024-10-11;17:00:00;205;G;1.6;G
2024-10-11;18:00:00;214;G;1.5;G
2024-10-11;19:00:00;216;G;1.2;G
2024-10-11;20:00:00;187;G;1.6;G
2024-10-11;21:00:00;169;G;1.8;G
2024-10-11;22:00:00;147;G;2.2;G
2024-10-11;23:00:00;161;G;2.2;G
2024-10-12;00:00:00;184;G;2.2;G
2024-10-12;01:00:00;188;G;2.2;G
2024-10-12;02:00:00;189;G;1.8;G
2024-10-12;03:00:00;182;G;2.1;G
2024-10-12;04:00:00;197;G;2.3;G
2024-10-12;05:00:00;213;G;2.5;G
2024-10-12;06:00:00;226;G;1.9;G
2024-10-12;07:00:00;224;G;2.6;G
2024-10-12;08:00:00;229;G;2.2;G
2024-10-12;09:00:00;221;G;2.0;G
2024-10-12;10:00:00;214;G;2.0;G
2024-10-12;11:00:00;231;G;3.2;G
2024-10-12;12:00:00;205;G;1.8;G
2024-10-12;13:00:00;207;G;2.9;G
2024-10-12;14:00:00;177;G;0.8;G
2024-10-12;15:00:00;189;G;0.9;G
2024-10-12;16:00:00;124;G;1.2;G
2024-10-12;17:00:00;129;G;1.6;G
2024-10-12;18:00:00;130;G;1.3;G
2024-10-12;19:00:00;134;G;1.7;G
2024-10-12;20:00:00;140;G;2.1;G
2024-10-12;21:00:00;141;G;2.2;G
2024-10-12;22:00:00;145;G;1.9;G
2024-10-12;23:00:00;129;G;1.2;G
2024-10-13;00:00:00;105;G;1.0;G
2024-10-13;01:00:00;109;G;1.1;G
2024-10-13;02:00:00;87;G;1.2;G
2024-10-13;03:00:00;91;G;1.5;G
2024-10-13;04:00:00;93;G;1.4;G
2024-10-13;05:00:00;81;G;1.6;G
2024-10-13;06:00:00;67;G;1.7;G
2024-10-13;07:00:00;75;G;1.6;G
2024-10-13;08:00:00;74;G;2.9;G
2024-10-13;09:00:00;64;G;2.2;G
2024-10-13;10:00:00;75;G;2.0;G
2024-10-13;11:00:00;71;G;1.3;G
2024-10-13;12:00:00;75;G;1.4;G
2024-10-13;13:00:00;114;G;1.7;G
2024-10-13;14:00:00;92;G;1.3;G
2024-10-13;15:00:00;86;G;1.9;G
2024-10-13;16:00:00;73;G;1.5;G
2024-10-13;17:00:00;63;G;0.7;G
2024-10-13;18:00:00;66;G;0.6;G
2024-10-13;19:00:00;55;G;0.8;G
2024-10-13;20:00:00;57;G;0.7;G
2024-10-13;21:00:00;16;G;0.7;G
2024-10-13;22:00:00;37;G;0.9;G
2024-10-13;23:00:00;51;G;0.9;G
2024-10-14;00:00:00;55;G;0.1;G
2024-10-14;03:00:00;62;G;0.2;G
2024-10-14;04:00:00;0;G;0.0;G
2024-10-14;06:00:00;294;G;0.7;G
2024-10-14;07:00:00;299;G;0.7;G
2024-10-14;08:00:00;296;G;0.1;G
2024-10-14;09:00:00;298;G;0.5;G
2024-10-14;10:00:00;272;G;1.5;G
2024-10-14;11:00:00;319;G;1.2;G
2024-10-14;12:00:00;226;G;0.7;G
2024-10-14;13:00:00;307;G;1.6;G
2024-10-14;14:00:00;295;G;1.5;G
2024-10-14;15:00:00;308;G;1.0;G
2024-10-14;16:00:00;322;G;1.1;G
2024-10-14;17:00:00;317;G;0.1;G
2024-10-14;18:00:00;334;G;1.1;G
2024-10-14;19:00:00;305;G;1.0;G
2024-10-14;20:00:00;319;G;3.0;G
2024-10-14;21:00:00;308;G;1.7;G
2024-10-14;22:00:00;307;G;1.7;G
2024-10-14;23:00:00;317;G;2.5;G
2024-10-15;00:00:00;310;G;1.4;G
2024-10-15;01:00:00;296;G;1.4;G
2024-10-15;02:00:00;305;G;1.4;G
2024-10-15;03:00:00;303;G;1.1;G
2024-10-15;04:00:00;280;G;1.5;G
2024-10-15;05:00:00;274;G;1.8;G
2024-10-15;06:00:00;281;G;1.6;G
2024-10-15;07:00:00;289;G;1.8;G
2024-10-15;08:00:00;291;G;1.9;G
2024-10-15;09:00:00;309;G;2.5;G
2024-10-15;10:00:00;296;G;1.7;G
2024-10-15;11:00:00;310;G;2.4;G
2024-10-15;12:00:00;285;G;2.3;G
2024-10-15;13:00:00;282;G;2.1;G
2024-10-15;14:00:00;268;G;2.0;G
2024-10-15;15:00:00;276;G;1.7;G
2024-10-15;16:00:00;226;G;1.0;G
2024-10-15;17:00:00;232;G;1.0;G
2024-10-15;18:00:00;227;G;1.4;G
2024-10-15;19:00:00;227;G;1.2;G
2024-10-15;20:00:00;222;G;1.5;G
2024-10-15;21:00:00;224;G;1.8;G
2024-10-15;22:00:00;212;G;2.0;G
2024-10-15;23:00:00;215;G;2.1;G
2024-10-16;00:00:00;210;G;1.8;G
2024-10-16;01:00:00;208;G;2.4;G
2024-10-16;02:00:00;215;G;2.6;G
2024-10-16;03:00:00;208;G;2.0;G
2024-10-16;04:00:00;201;G;2.1;G
2024-10-16;05:00:00;217;G;2.3;G
2024-10-16;06:00:00;209;G;1.5;G
2024-10-16;07:00:00;212;G;2.1;G
2024-10-16;08:00:00;213;G;2.0;G
2024-10-16;09:00:00;208;G;2.9;G
2024-10-16;10:00:00;205;G;3.7;G
2024-10-16;11:00:00;211;G;3.6;G
2024-10-16;12:00:00;208;G;4.1;G
2024-10-16;13:00:00;207;G;2.6;G
2024-10-16;14:00:00;208;G;2.7;G
2024-10-16;15:00:00;186;G;1.4;G
2024-10-16;16:00:00;188;G;2.2;G
2024-10-16;17:00:00;190;G;2.0;G
2024-10-16;18:00:00;175;G;3.0;G
2024-10-16;19:00:00;183;G;2.0;G
2024-10-16;20:00:00;188;G;1.1;G
2024-10-16;21:00:00;179;G;1.5;G
2024-10-16;22:00:00;164;G;1.6;G
2024-10-16;23:00:00;193;G;2.3;G
2024-10-17;00:00:00;177;G;2.1;G
2024-10-17;01:00:00;148;G;1.4;G
2024-10-17;02:00:00;136;G;1.3;G
2024-10-17;03:00:00;115;G;0.7;G
2024-10-17;04:00:00;166;G;1.9;G
2024-10-17;05:00:00;174;G;2.0;G
2024-10-17;06:00:00;168;G;0.8;G
2024-10-17;07:00:00;189;G;1.2;G
2024-10-17;08:00:00;205;G;1.7;G
2024-10-17;09:00:00;197;G;2.2;G
2024-10-17;10:00:00;202;G;3.3;G
2024-10-17;11:00:00;183;G;3.5;G
2024-10-17;12:00:00;164;G;3.5;G
2024-10-17;13:00:00;164;G;3.6;G
2024-10-17;14:00:00;168;G;3.2;G
2024-10-17;15:00:00;156;G;3.1;G
2024-10-17;16:00:00;145;G;2.5;G
2024-10-17;17:00:00;162;G;3.0;G
2024-10-17;18:00:00;163;G;3.1;G
2024-10-17;19:00:00;157;G;2.9;G
2024-10-17;20:00:00;176;G;3.2;G
2024-10-17;21:00:00;168;G;3.3;G
2024-10-17;22:00:00;158;G;3.2;G
2024-10-17;23:00:00;160;G;2.2;G
2024-10-18;00:00:00;126;G;1.0;G
2024-10-18;01:00:00;128;G;1.4;G
2024-10-18;02:00:00;98;G;0.9;G
2024-10-18;03:00:00;153;G;1.8;G
2024-10-18;04:00:00;153;G;1.5;G
2024-10-18;05:00:00;155;G;0.8;G
2024-10-18;06:00:00;151;G;1.3;G
2024-10-18;07:00:00;157;G;1.4;G
2024-10-18;08:00:00;166;G;3.1;G
2024-10-18;09:00:00;170;G;3.2;G
2024-10-18;10:00:00;173;G;2.4;G
2024-10-18;11:00:00;159;G;2.3;G
2024-10-18;12:00:00;162;G;3.0;G
2024-10-18;13:00:00;178;G;2.2;G
2024-10-18;14:00:00;179;G;1.6;G
2024-10-18;15:00:00;160;G;3.2;G
2024-10-18;16:00:00;159;G;3.2;G
2024-10-18;17:00:00;165;G;3.7;G
2024-10-18;18:00:00;177;G;2.9;G
2024-10-18;19:00:00;172;G;3.0;G
2024-10-18;20:00:00;169;G;2.0;G
2024-10-18;21:00:00;160;G;2.7;G
2024-10-18;22:00:00;159;G;2.4;G
2024-10-18;23:00:00;143;G;1.9;G
2024-10-19;00:00:00;161;G;2.1;G
2024-10-19;01:00:00;148;G;2.2;G
2024-10-19;02:00:00;159;G;2.5;G
2024-10-19;03:00:00;154;G;3.1;G
2024-10-19;04:00:00;138;G;1.8;G
2024-10-19;05:00:00;142;G;1.8;G
2024-10-19;06:00:00;151;G;1.1;G
2024-10-19;07:00:00;160;G;1.7;G
2024-10-19;08:00:00;162;G;2.7;G
2024-10-19;09:00:00;160;G;3.6;G
2024-10-19;10:00:00;158;G;3.0;G
2024-10-19;11:00:00;170;G;2.8;G
2024-10-19;12:00:00;169;G;2.9;G
2024-10-19;13:00:00;165;G;3.1;G
2024-10-19;14:00:00;159;G;1.8;G
2024-10-19;15:00:00;149;G;3.6;G
2024-10-19;16:00:00;130;G;1.3;G
2024-10-19;17:00:00;127;G;1.8;G
2024-10-19;18:00:00;128;G;2.0;G
2024-10-19;19:00:00;156;G;3.2;G
2024-10-19;20:00:00;148;G;2.5;G
2024-10-19;21:00:00;166;G;4.4;G
2024-10-19;22:00:00;158;G;4.0;G
2024-10-19;23:00:00;151;G;3.1;G
2024-10-20;00:00:00;156;G;3.6;G
2024-10-20;01:00:00;150;G;2.5;G
2024-10-20;02:00:00;143;G;2.6;G
2024-10-20;03:00:00;145;G;2.2;G
2024-10-20;04:00:00;159;G;3.3;G
2024-10-20;05:00:00;162;G;3.5;G
2024-10-20;06:00:00;160;G;3.6;G
2024-10-20;07:00:00;165;G;4.0;G
2024-10-20;08:00:00;165;G;3.3;G
2024-10-20;09:00:00;165;G;3.4;G
2024-10-20;10:00:00;173;G;2.2;G
2024-10-20;11:00:00;172;G;2.6;G
2024-10-20;12:00:00;167;G;2.9;G
2024-10-20;13:00:00;168;G;4.0;G
2024-10-20;14:00:00;166;G;2.8;G
2024-10-20;15:00:00;160;G;3.0;G
2024-10-20;16:00:00;158;G;2.8;G
2024-10-20;17:00:00;156;G;2.4;G
2024-10-20;18:00:00;159;G;3.2;G
2024-10-20;19:00:00;160;G;3.2;G
2024-10-20;20:00:00;163;G;3.8;G
2024-10-20;21:00:00;165;G;3.5;G
2024-10-20;22:00:00;158;G;4.0;G
2024-10-20;23:00:00;156;G;4.1;G
2024-10-21;00:00:00;170;G;3.6;G
2024-10-21;01:00:00;161;G;4.1;G
2024-10-21;02:00:00;167;G;3.7;G
2024-10-21;03:00:00;161;G;4.5;G
2024-10-21;04:00:00;164;G;5.2;G
2024-10-21;05:00:00;165;G;3.9;G
2024-10-21;06:00:00;182;G;3.3;G
2024-10-21;07:00:00;187;G;3.4;G
2024-10-21;08:00:00;189;G;3.3;G
2024-10-21;09:00:00;185;G;2.9;G
2024-10-21;10:00:00;199;G;4.6;G
2024-10-21;11:00:00;212;G;5.4;G
2024-10-21;12:00:00;209;G;5.6;G
2024-10-21;13:00:00;214;G;5.9;G
2024-10-21;14:00:00;219;G;5.4;G
2024-10-21;15:00:00;213;G;5.6;G
2024-10-21;16:00:00;212;G;6.7;G
2024-10-21;17:00:00;214;G;4.5;G
2024-10-21;18:00:00;219;G;6.9;G
2024-10-21;19:00:00;218;G;6.6;G
2024-10-21;20:00:00;215;G;5.9;G
2024-10-21;21:00:00;225;G;5.3;G
2024-10-21;22:00:00;221;G;4.3;G
2024-10-21;23:00:00;215;G;4.0;G
2024-10-22;00:00:00;216;G;3.6;G
2024-10-22;01:00:00;217;G;4.0;G
2024-10-22;02:00:00;227;G;3.1;G
2024-10-22;03:00:00;213;G;3.7;G
2024-10-22;04:00:00;218;G;3.1;G
2024-10-22;05:00:00;219;G;3.0;G
2024-10-22;06:00:00;209;G;3.2;G
2024-10-22;07:00:00;211;G;3.0;G
2024-10-22;08:00:00;208;G;2.9;G
2024-10-22;09:00:00;220;G;3.0;G
2024-10-22;10:00:00;216;G;2.9;G
2024-10-22;11:00:00;214;G;3.6;G
2024-10-22;12:00:00;208;G;4.0;G
2024-10-22;13:00:00;218;G;4.3;G
2024-10-22;14:00:00;217;G;3.5;G
2024-10-22;15:00:00;207;G;2.8;G
2024-10-22;16:00:00;204;G;1.9;G
2024-10-22;17:00:00;202;G;2.6;G
2024-10-22;18:00:00;203;G;3.0;G
2024-10-22;19:00:00;205;G;3.6;G
2024-10-22;20:00:00;207;G;3.5;G
2024-10-22;21:00:00;213;G;3.7;G
2024-10-22;22:00:00;223;G;4.1;G
2024-10-22;23:00:00;218;G;4.1;G
2024-10-23;00:00:00;218;G;4.3;G
2024-10-23;01:00:00;229;G;4.2;G
2024-10-23;02:00:00;230;G;5.4;G
2024-10-23;03:00:00;232;G;3.8;G
2024-10-23;04:00:00;232;G;4.2;G
2024-10-23;05:00:00;237;G;2.7;G
2024-10-23;06:00:00;233;G;3.7;G
2024-10-23;07:00:00;231;G;3.9;G
2024-10-23;08:00:00;239;G;3.3;G
2024-10-23;09:00:00;237;G;3.3;G
2024-10-23;10:00:00;240;G;3.4;G
2024-10-23;11:00:00;233;G;3.8;G
2024-10-23;12:00:00;231;G;3.5;G
2024-10-23;13:00:00;234;G;3.7;G
2024-10-23;14:00:00;230;G;3.8;G
2024-10-23;15:00:00;219;G;2.7;G
2024-10-23;16:00:00;218;G;4.1;G
2024-10-23;17:00:00;225;G;3.9;G
2024-10-23;18:00:00;214;G;2.9;G
2024-10-23;19:00:00;219;G;3.4;G
2024-10-23;20:00:00;226;G;3.6;G
2024-10-23;21:00:00;229;G;2.7;G
2024-10-23;22:00:00;224;G;2.9;G
2024-10-23;23:00:00;221;G;2.4;G
2024-10-24;00:00:00;220;G;3.2;G
2024-10-24;01:00:00;228;G;2.7;G
2024-10-24;02:00:00;226;G;3.2;G
2024-10-24;03:00:00;222;G;2.1;G
2024-10-24;04:00:00;223;G;2.6;G
2024-10-24;05:00:00;231;G;3.1;G
2024-10-24;06:00:00;220;G;3.7;G
2024-10-24;07:00:00;220;G;3.6;G
2024-10-24;08:00:00;224;G;3.0;G
2024-10-24;09:00:00;231;G;3.4;G
2024-10-24;10:00:00;226;G;2.9;G
2024-10-24;11:00:00;226;G;3.9;G
2024-10-24;12:00:00;223;G;3.2;G
2024-10-24;13:00:00;227;G;3.1;G
2024-10-24;14:00:00;233;G;3.7;G
2024-10-24;15:00:00;228;G;2.9;G
2024-10-24;16:00:00;210;G;2.4;G
2024-10-24;17:00:00;212;G;2.6;G
2024-10-24;18:00:00;219;G;3.2;G
2024-10-24;19:00:00;224;G;2.9;G
2024-10-24;20:00:00;214;G;2.6;G
2024-10-24;21:00:00;214;G;3.1;G
2024-10-24;22:00:00;211;G;3.0;G
2024-10-24;23:00:00;217;G;3.2;G
2024-10-25;00:00:00;220;G;3.6;G
2024-10-25;01:00:00;214;G;3.6;G
2024-10-25;02:00:00;214;G;3.5;G
2024-10-25;03:00:00;212;G;3.1;G
2024-10-25;04:00:00;206;G;2.8;G
2024-10-25;05:00:00;197;G;2.3;G
2024-10-25;06:00:00;208;G;3.4;G
2024-10-25;07:00:00;212;G;3.2;G
2024-10-25;08:00:00;212;G;2.7;G
2024-10-25;09:00:00;208;G;4.1;G
2024-10-25;10:00:00;212;G;4.5;G
2024-10-25;11:00:00;199;G;3.1;G
2024-10-25;12:00:00;201;G;3.4;G
2024-10-25;13:00:00;200;G;2.5;G
2024-10-25;14:00:00;181;G;2.1;G
2024-10-25;15:00:00;195;G;2.0;G
2024-10-25;16:00:00;207;G;1.8;G
2024-10-25;17:00:00;206;G;1.8;G
2024-10-25;18:00:00;203;G;2.5;G
2024-10-25;19:00:00;195;G;2.2;G
2024-10-25;20:00:00;209;G;1.8;G
2024-10-25;21:00:00;203;G;1.8;G
2024-10-25;22:00:00;208;G;1.1;G
2024-10-25;23:00:00;218;G;1.2;G
2024-10-26;00:00:00;226;G;1.6;G
2024-10-26;01:00:00;244;G;1.2;G
2024-10-26;02:00:00;180;G;1.0;G
2024-10-26;03:00:00;195;G;0.7;G
2024-10-26;04:00:00;248;G;0.2;G
2024-10-26;05:00:00;219;G;0.4;G
2024-10-26;06:00:00;219;G;0.4;G
2024-10-26;07:00:00;212;G;0.8;G
2024-10-26;08:00:00;231;G;0.2;G
2024-10-26;09:00:00;305;G;0.4;G
2024-10-26;10:00:00;277;G;0.4;G
2024-10-26;11:00:00;194;G;0.8;G
2024-10-26;12:00:00;178;G;1.1;G
2024-10-26;13:00:00;191;G;1.2;G
2024-10-26;14:00:00;199;G;1.0;G
2024-10-26;15:00:00;219;G;1.1;G
2024-10-26;16:00:00;206;G;1.0;G
2024-10-26;17:00:00;206;G;0.7;G
2024-10-26;18:00:00;171;G;0.5;G
2024-10-26;19:00:00;122;G;1.1;G
2024-10-26;20:00:00;135;G;1.2;G
2024-10-26;21:00:00;155;G;2.0;G
2024-10-26;22:00:00;175;G;2.1;G
2024-10-26;23:00:00;161;G;1.8;G
2024-10-27;00:00:00;152;G;1.7;G
2024-10-27;01:00:00;159;G;2.0;G
2024-10-27;02:00:00;156;G;1.9;G
2024-10-27;03:00:00;136;G;1.7;G
2024-10-27;04:00:00;153;G;2.4;G
2024-10-27;05:00:00;151;G;2.2;G
2024-10-27;06:00:00;150;G;2.8;G
2024-10-27;07:00:00;152;G;3.0;G
2024-10-27;08:00:00;161;G;3.8;G
2024-10-27;09:00:00;159;G;5.2;G
2024-10-27;10:00:00;164;G;5.2;G
2024-10-27;11:00:00;171;G;3.8;G
2024-10-27;12:00:00;167;G;3.5;G
2024-10-27;13:00:00;181;G;3.5;G
2024-10-27;14:00:00;179;G;3.3;G
2024-10-27;15:00:00;189;G;2.8;G
2024-10-27;16:00:00;218;G;3.6;G
2024-10-27;17:00:00;211;G;2.4;G
2024-10-27;18:00:00;212;G;4.0;G
2024-10-27;19:00:00;217;G;3.7;G
2024-10-27;20:00:00;230;G;2.9;G
2024-10-27;21:00:00;228;G;3.2;G
2024-10-27;22:00:00;224;G;3.9;G
2024-10-27;23:00:00;225;G;3.2;G
2024-10-28;00:00:00;222;G;3.3;G
2024-10-28;01:00:00;222;G;4.2;G
2024-10-28;02:00:00;224;G;4.1;G
2024-10-28;03:00:00;220;G;3.6;G
2024-10-28;04:00:00;218;G;3.8;G
2024-10-28;05:00:00;226;G;3.8;G
2024-10-28;06:00:00;220;G;2.8;G
2024-10-28;07:00:00;221;G;2.0;G
2024-10-28;08:00:00;227;G;2.2;G
2024-10-28;09:00:00;228;G;3.3;G
2024-10-28;10:00:00;212;G;2.3;G
2024-10-28;11:00:00;229;G;3.0;G
2024-10-28;12:00:00;225;G;3.3;G
2024-10-28;13:00:00;232;G;3.3;G
2024-10-28;14:00:00;230;G;2.5;G
2024-10-28;15:00:00;217;G;1.4;G
2024-10-28;16:00:00;227;G;1.9;G
2024-10-28;17:00:00;234;G;1.6;G
2024-10-28;18:00:00;280;G;1.5;G
2024-10-28;19:00:00;312;G;1.9;G
2024-10-28;20:00:00;312;G;1.5;G
2024-10-28;21:00:00;322;G;1.8;G
2024-10-28;22:00:00;275;G;1.4;G
2024-10-28;23:00:00;312;G;0.9;G
2024-10-29;00:00:00;267;G;1.0;G
2024-10-29;01:00:00;267;G;0.9;G
2024-10-29;02:00:00;260;G;0.3;G
2024-10-29;03:00:00;212;G;0.7;G
2024-10-29;04:00:00;249;G;0.6;G
2024-10-29;05:00:00;0;G;0.0;G
2024-10-29;06:00:00;198;G;0.5;G
2024-10-29;07:00:00;172;G;0.7;G
2024-10-29;08:00:00;179;G;0.6;G
2024-10-29;09:00:00;167;G;1.9;G
2024-10-29;10:00:00;175;G;2.3;G
2024-10-29;11:00:00;202;G;2.4;G
2024-10-29;12:00:00;182;G;1.7;G
2024-10-29;13:00:00;189;G;2.3;G
2024-10-29;14:00:00;202;G;2.7;G
2024-10-29;15:00:00;207;G;2.7;G
2024-10-29;16:00:00;181;G;2.0;G
2024-10-29;17:00:00;189;G;2.2;G
2024-10-29;18:00:00;193;G;2.5;G
2024-10-29;19:00:00;210;G;3.6;G
2024-10-29;20:00:00;219;G;3.5;G
2024-10-29;21:00:00;221;G;3.8;G
2024-10-29;22:00:00;229;G;4.2;G
2024-10-29;23:00:00;222;G;3.6;G
2024-10-30;00:00:00;223;G;3.8;G
2024-10-30;01:00:00;230;G;4.4;G
2024-10-30;02:00:00;233;G;3.9;G
2024-10-30;03:00:00;247;G;2.2;G
2024-10-30;04:00:00;238;G;1.9;G
2024-10-30;05:00:00;264;G;1.6;G
2024-10-30;06:00:00;265;G;2.9;G
2024-10-30;07:00:00;270;G;2.2;G
2024-10-30;08:00:00;265;G;3.3;G
2024-10-30;09:00:00;276;G;3.3;G
2024-10-30;10:00:00;271;G;2.7;G
2024-10-30;11:00:00;265;G;2.9;G
2024-10-30;12:00:00;262;G;4.2;G
2024-10-30;13:00:00;265;G;2.0;G
2024-10-30;14:00:00;254;G;2.6;G
2024-10-30;15:00:00;263;G;2.5;G
2024-10-30;16:00:00;247;G;2.1;G
2024-10-30;17:00:00;245;G;2.8;G
2024-10-30;18:00:00;256;G;3.1;G
2024-10-30;19:00:00;260;G;2.8;G
2024-10-30;20:00:00;272;G;2.1;G
2024-10-30;21:00:00;252;G;1.5;G
2024-10-30;22:00:00;251;G;1.9;G
2024-10-30;23:00:00;252;G;1.3;G
2024-10-31;00:00:00;242;G;1.5;G
2024-10-31;01:00:00;228;G;1.2;G
2024-10-31;02:00:00;228;G;1.3;G
2024-10-31;03:00:00;217;G;1.7;G
2024-10-31;04:00:00;209;G;2.7;G
2024-10-31;05:00:00;208;G;2.0;G
2024-10-31;06:00:00;216;G;2.6;G
2024-10-31;07:00:00;213;G;2.8;G
2024-10-31;08:00:00;203;G;1.6;G
2024-10-31;09:00:00;199;G;2.5;G
2024-10-31;10:00:00;196;G;3.3;G
2024-10-31;11:00:00;204;G;2.4;G
2024-10-31;12:00:00;196;G;2.0;G
2024-10-31;13:00:00;175;G;1.8;G
2024-10-31;14:00:00;177;G;2.0;G
2024-10-31;15:00:00;230;G;1.4;G
2024-10-31;16:00:00;231;G;1.0;G
2024-10-31;17:00:00;214;G;2.7;G
2024-10-31;18:00:00;223;G;2.8;G
2024-10-31;19:00:00;237;G;1.1;G
2024-10-31;20:00:00;356;G;0.5;G
2024-10-31;21:00:00;129;G;0.3;G
2024-10-31;22:00:00;117;G;1.0;G
2024-10-31;23:00:00;162;G;0.7;G
2024-11-01;00:00:00;209;G;2.8;G
2024-11-01;01:00:00;210;G;2.7;G
2024-11-01;02:00:00;222;G;3.3;G
2024-11-01;03:00:00;231;G;3.9;G
2024-11-01;04:00:00;237;G;4.6;G
2024-11-01;05:00:00;231;G;4.4;G
2024-11-01;06:00:00;231;G;6.4;G
2024-11-01;07:00:00;264;G;5.8;G
2024-11-01;08:00:00;257;G;1.9;G
2024-11-01;09:00:00;261;G;3.0;G
2024-11-01;10:00:00;270;G;2.9;G
2024-11-01;11:00:00;293;G;4.4;G
2024-11-01;12:00:00;306;G;3.9;G
2024-11-01;13:00:00;270;G;3.4;G
2024-11-01;14:00:00;275;G;3.1;G
2024-11-01;15:00:00;277;G;5.7;G
2024-11-01;16:00:00;283;G;4.9;G
2024-11-01;17:00:00;285;G;4.9;G
2024-11-01;18:00:00;286;G;5.0;G
2024-11-01;19:00:00;279;G;4.3;G
2024-11-01;20:00:00;273;G;5.5;G
2024-11-01;21:00:00;278;G;4.5;G
2024-11-01;22:00:00;281;G;3.8;G
2024-11-01;23:00:00;289;G;3.5;G
2024-11-02;00:00:00;285;G;3.2;G
2024-11-02;01:00:00;279;G;4.2;G
2024-11-02;02:00:00;273;G;4.2;G
2024-11-02;03:00:00;275;G;4.1;G
2024-11-02;04:00:00;271;G;4.4;G
2024-11-02;05:00:00;277;G;4.0;G
2024-11-02;06:00:00;275;G;3.1;G
2024-11-02;07:00:00;275;G;3.2;G
2024-11-02;08:00:00;295;G;2.8;G
2024-11-02;09:00:00;296;G;3.3;G
2024-11-02;10:00:00;293;G;3.9;G
2024-11-02;11:00:00;298;G;3.5;G
2024-11-02;12:00:00;301;G;3.5;G
2024-11-02;13:00:00;288;G;2.3;G
2024-11-02;14:00:00;271;G;2.5;G
2024-11-02;15:00:00;255;G;2.4;G
2024-11-02;16:00:00;249;G;2.0;G
2024-11-02;17:00:00;228;G;2.0;G
2024-11-02;18:00:00;230;G;2.6;G
2024-11-02;19:00:00;228;G;2.3;G
2024-11-02;20:00:00;227;G;2.6;G
2024-11-02;21:00:00;218;G;2.5;G
2024-11-02;22:00:00;212;G;2.4;G
2024-11-02;23:00:00;207;G;2.4;G
2024-11-03;01:00:00;203;G;2.4;G
2024-11-03;02:00:00;209;G;2.5;G
2024-11-03;03:00:00;198;G;1.3;G
2024-11-03;04:00:00;204;G;2.9;G
2024-11-03;05:00:00;204;G;2.9;G
2024-11-03;06:00:00;207;G;2.5;G
2024-11-03;07:00:00;216;G;3.8;G
2024-11-03;08:00:00;224;G;3.7;G
2024-11-03;09:00:00;250;G;3.1;G
2024-11-03;10:00:00;265;G;4.0;G
2024-11-03;11:00:00;267;G;3.2;G
2024-11-03;12:00:00;269;G;4.6;G
2024-11-03;13:00:00;272;G;3.4;G
2024-11-03;14:00:00;276;G;4.9;G
2024-11-03;15:00:00;300;G;5.1;G
2024-11-03;16:00:00;316;G;5.9;G
2024-11-03;17:00:00;356;G;3.1;G
2024-11-03;18:00:00;328;G;3.0;G
2024-11-03;19:00:00;321;G;3.3;G
2024-11-03;20:00:00;309;G;2.6;G
2024-11-03;21:00:00;299;G;1.9;G
2024-11-03;22:00:00;305;G;1.6;G
2024-11-03;23:00:00;307;G;1.7;G
2024-11-04;00:00:00;304;G;1.4;G
2024-11-04;01:00:00;276;G;1.9;G
2024-11-04;02:00:00;242;G;1.7;G
2024-11-04;03:00:00;269;G;1.6;G
2024-11-04;04:00:00;281;G;1.4;G
2024-11-04;05:00:00;252;G;1.4;G
